comparator,metric,mean_delta_localized_minus_comparator__BTCUSDT,mean_delta_localized_minus_comparator__ETHUSDT,relative_delta_pct__BTCUSDT,relative_delta_pct__ETHUSDT,share_seeds_localized_better__BTCUSDT,share_seeds_localized_better__ETHUSDT
expected_cost,cvar95,0.0004726484122370198,-0.002075617421699533,9.892038247784336,-3.159736252373321,0.06666666666666667,1.0
expected_cost,cvar99,0.0023307672215983734,-0.0005476619975402903,17.186732387070204,-0.39707279603178264,0.06666666666666667,0.3333333333333333
expected_cost,exceedance_rate,0.0003966666666666669,-0.003623333333333334,0.6479716852708961,-7.2307589968735435,0.3333333333333333,1.0
expected_cost,mean,2.050811031461999e-05,-0.00032779417848800005,2.599480718050737,-1.5738752059328422,0.3333333333333333,1.0
expected_cost,mean_excess_given_exceedance,0.00036772731948995336,0.00020594842522152028,12.529007144855267,0.6671661968112371,0.13333333333333333,0.3333333333333333
global_kl,cvar95,0.0004726484122370198,-0.008451169047197775,9.892038247784336,-11.727126625670858,0.06666666666666667,1.0
global_kl,cvar99,0.0023307672215983734,-0.007137779808110082,17.186732387070204,-4.939128916713072,0.06666666666666667,0.8666666666666667
global_kl,exceedance_rate,0.0003966666666666669,-0.01305,0.6479716852708961,-21.91926543866525,0.3333333333333333,1.0
global_kl,mean,2.050811031461999e-05,-0.0010343209359148806,2.599480718050737,-4.803259652241445,0.3333333333333333,1.0
global_kl,mean_excess_given_exceedance,0.00036772731948995336,-0.0005312119340897865,12.529007144855267,-1.6807156614999001,0.13333333333333333,0.6666666666666666
nominal_cvar,cvar95,0.0004726484122370198,-0.002075617421699533,9.892038247784336,-3.159736252373321,0.06666666666666667,1.0
nominal_cvar,cvar99,0.0023307672215983734,-0.0005476619975402903,17.186732387070204,-0.39707279603178264,0.06666666666666667,0.3333333333333333
nominal_cvar,exceedance_rate,0.0003966666666666669,-0.003623333333333334,0.6479716852708961,-7.2307589968735435,0.3333333333333333,1.0
nominal_cvar,mean,2.050811031461999e-05,-0.00032779417848800005,2.599480718050737,-1.5738752059328422,0.3333333333333333,1.0
nominal_cvar,mean_excess_given_exceedance,0.00036772731948995336,0.00020594842522152028,12.529007144855267,0.6671661968112371,0.13333333333333333,0.3333333333333333
