asset,comparator,metric,localized_estimate,comparator_estimate,mean_delta_localized_minus_comparator,relative_delta_pct,paired_ci025,paired_ci975,share_seeds_localized_better,n_better,n_ties,n_seeds,sign_test_p_two_sided,wilcoxon_p_two_sided,bootstrap_reps
BTCUSDT,expected_cost,mean,0.0008094391522805067,0.0007889310419658866,2.050811031461999e-05,2.599480718050737,7.301964295046982e-06,3.7508329233283994e-05,0.3333333333333333,5,0,15,0.3017578125,0.01806640625,50000
BTCUSDT,expected_cost,cvar95,0.00525071740467026,0.0047780689924332405,0.0004726484122370198,9.892038247784336,0.00020377725923753003,0.0008163037782528677,0.06666666666666667,1,0,15,0.0009765625,0.00018310546875,50000
BTCUSDT,expected_cost,cvar99,0.015892200361453623,0.013561433139855247,0.0023307672215983734,17.186732387070204,0.0010691330843833557,0.003996499751037715,0.06666666666666667,1,0,15,0.0009765625,0.0001220703125,50000
BTCUSDT,expected_cost,exceedance_rate,0.061613333333333326,0.06121666666666667,0.0003966666666666669,0.6479716852708961,-0.0002833333333333322,0.0010766666666666678,0.3333333333333333,5,1,15,0.4239501953125,0.3462544650931332,50000
BTCUSDT,expected_cost,mean_excess_given_exceedance,0.0033027349800207532,0.0029350076605308,0.00036772731948995336,12.529007144855267,0.000153857203876879,0.0006525699794795055,0.13333333333333333,2,0,15,0.00738525390625,0.00115966796875,50000
BTCUSDT,expected_cost,completion,1.0,0.9999999999999998,4.440892098500626e-16,4.4408920985006274e-14,4.440892098500626e-16,4.440892098500626e-16,0.0,0,15,15,1.0,,50000
BTCUSDT,nominal_cvar,mean,0.0008094391522805067,0.0007889310419658866,2.050811031461999e-05,2.599480718050737,7.2430068209289915e-06,3.758836554987332e-05,0.3333333333333333,5,0,15,0.3017578125,0.01806640625,50000
BTCUSDT,nominal_cvar,cvar95,0.00525071740467026,0.0047780689924332405,0.0004726484122370198,9.892038247784336,0.00020485579524005874,0.000811703608291568,0.06666666666666667,1,0,15,0.0009765625,0.00018310546875,50000
BTCUSDT,nominal_cvar,cvar99,0.015892200361453623,0.013561433139855247,0.0023307672215983734,17.186732387070204,0.001064719696506495,0.003991242642264496,0.06666666666666667,1,0,15,0.0009765625,0.0001220703125,50000
BTCUSDT,nominal_cvar,exceedance_rate,0.061613333333333326,0.06121666666666667,0.0003966666666666669,0.6479716852708961,-0.0002867500000000012,0.001076666666666667,0.3333333333333333,5,1,15,0.4239501953125,0.3462544650931332,50000
BTCUSDT,nominal_cvar,mean_excess_given_exceedance,0.0033027349800207532,0.0029350076605308,0.00036772731948995336,12.529007144855267,0.00015225175387214784,0.000654298200666129,0.13333333333333333,2,0,15,0.00738525390625,0.00115966796875,50000
BTCUSDT,nominal_cvar,completion,1.0,0.9999999999999998,4.440892098500626e-16,4.4408920985006274e-14,4.440892098500626e-16,4.440892098500626e-16,0.0,0,15,15,1.0,,50000
BTCUSDT,global_kl,mean,0.0008094391522805067,0.0007889310419658866,2.050811031461999e-05,2.599480718050737,7.247779562767166e-06,3.757622803670716e-05,0.3333333333333333,5,0,15,0.3017578125,0.01806640625,50000
BTCUSDT,global_kl,cvar95,0.00525071740467026,0.0047780689924332405,0.0004726484122370198,9.892038247784336,0.00020755372678800987,0.0008141789564603639,0.06666666666666667,1,0,15,0.0009765625,0.00018310546875,50000
BTCUSDT,global_kl,cvar99,0.015892200361453623,0.013561433139855247,0.0023307672215983734,17.186732387070204,0.0010731315903862104,0.003985920753823958,0.06666666666666667,1,0,15,0.0009765625,0.0001220703125,50000
BTCUSDT,global_kl,exceedance_rate,0.061613333333333326,0.06121666666666667,0.0003966666666666669,0.6479716852708961,-0.00028333333333333265,0.0010833333333333344,0.3333333333333333,5,1,15,0.4239501953125,0.3462544650931332,50000
BTCUSDT,global_kl,mean_excess_given_exceedance,0.0033027349800207532,0.0029350076605308,0.00036772731948995336,12.529007144855267,0.00015263202767677432,0.0006553541927892952,0.13333333333333333,2,0,15,0.00738525390625,0.00115966796875,50000
BTCUSDT,global_kl,completion,1.0,0.9999999999999998,4.440892098500626e-16,4.4408920985006274e-14,4.440892098500626e-16,4.440892098500626e-16,0.0,0,15,15,1.0,,50000
ETHUSDT,expected_cost,mean,0.02049940846453954,0.02082720264302754,-0.00032779417848800005,-1.5738752059328422,-0.00034630251715414383,-0.0003104543355600504,1.0,15,0,15,6.103515625e-05,6.103515625e-05,50000
ETHUSDT,expected_cost,cvar95,0.0636139609454983,0.06568957836719784,-0.002075617421699533,-3.159736252373321,-0.00240476011450334,-0.0017720575375782283,1.0,15,0,15,6.103515625e-05,6.103515625e-05,50000
ETHUSDT,expected_cost,cvar99,0.13737717269610972,0.13792483469365002,-0.0005476619975402903,-0.39707279603178264,-0.0021536316391800236,0.0008922634415690534,0.3333333333333333,5,0,15,0.3017578125,0.93408203125,50000
ETHUSDT,expected_cost,exceedance_rate,0.04648666666666667,0.050110000000000016,-0.003623333333333334,-7.2307589968735435,-0.004163333333333335,-0.0030666666666666668,1.0,15,0,15,6.103515625e-05,6.103515625e-05,50000
ETHUSDT,expected_cost,mean_excess_given_exceedance,0.03107508211422792,0.030869133689006394,0.00020594842522152028,0.6671661968112371,-0.00022662510500421975,0.0006033032002292347,0.3333333333333333,5,0,15,0.3017578125,0.359130859375,50000
ETHUSDT,expected_cost,completion,1.0,1.0,0.0,0.0,0.0,0.0,0.0,0,15,15,1.0,,50000
ETHUSDT,nominal_cvar,mean,0.02049940846453954,0.02082720264302754,-0.00032779417848800005,-1.5738752059328422,-0.00034604690121003403,-0.0003103690037192705,1.0,15,0,15,6.103515625e-05,6.103515625e-05,50000
ETHUSDT,nominal_cvar,cvar95,0.0636139609454983,0.06568957836719784,-0.002075617421699533,-3.159736252373321,-0.0024055162142248916,-0.0017732402160042528,1.0,15,0,15,6.103515625e-05,6.103515625e-05,50000
ETHUSDT,nominal_cvar,cvar99,0.13737717269610972,0.13792483469365002,-0.0005476619975402903,-0.39707279603178264,-0.0021624543929872763,0.0008858136347840241,0.3333333333333333,5,0,15,0.3017578125,0.93408203125,50000
ETHUSDT,nominal_cvar,exceedance_rate,0.04648666666666667,0.050110000000000016,-0.003623333333333334,-7.2307589968735435,-0.004163333333333335,-0.0030633333333333337,1.0,15,0,15,6.103515625e-05,6.103515625e-05,50000
ETHUSDT,nominal_cvar,mean_excess_given_exceedance,0.03107508211422792,0.030869133689006394,0.00020594842522152028,0.6671661968112371,-0.00022623947439904017,0.0006070560705402578,0.3333333333333333,5,0,15,0.3017578125,0.359130859375,50000
ETHUSDT,nominal_cvar,completion,1.0,1.0,0.0,0.0,0.0,0.0,0.0,0,15,15,1.0,,50000
ETHUSDT,global_kl,mean,0.02049940846453954,0.021533729400454418,-0.0010343209359148806,-4.803259652241445,-0.0010729678500947433,-0.0010007639365821593,1.0,15,0,15,6.103515625e-05,6.103515625e-05,50000
ETHUSDT,global_kl,cvar95,0.0636139609454983,0.07206512999269607,-0.008451169047197775,-11.727126625670858,-0.009049334127113078,-0.007909020296180326,1.0,15,0,15,6.103515625e-05,6.103515625e-05,50000
ETHUSDT,global_kl,cvar99,0.13737717269610972,0.1445149525042198,-0.007137779808110082,-4.939128916713072,-0.010211325128459483,-0.004225770695039488,0.8666666666666667,13,0,15,0.00738525390625,0.00042724609375,50000
ETHUSDT,global_kl,exceedance_rate,0.04648666666666667,0.05953666666666667,-0.01305,-21.91926543866525,-0.013716666666666667,-0.012373333333333332,1.0,15,0,15,6.103515625e-05,6.103515625e-05,50000
ETHUSDT,global_kl,mean_excess_given_exceedance,0.03107508211422792,0.031606294048317704,-0.0005312119340897865,-1.6807156614999001,-0.0011761681178359355,0.00015307604053903964,0.6666666666666666,10,0,15,0.3017578125,0.1876220703125,50000
ETHUSDT,global_kl,completion,1.0,0.9999999999999999,2.220446049250313e-16,2.2204460492503134e-14,2.220446049250313e-16,2.220446049250313e-16,0.0,0,15,15,1.0,,50000
