asset,comparator,metric,seed,localized,comparator_value,delta_localized_minus_comparator,improvement_signed_positive_is_better
BTCUSDT,expected_cost,mean,101,0.0007986765804838,0.0007678418813337,3.083469915009999e-05,-3.083469915009999e-05
BTCUSDT,expected_cost,mean,202,0.00098400889518,0.0008709677979001,0.00011304109727989999,-0.00011304109727989999
BTCUSDT,expected_cost,mean,303,0.0007614857059851,0.0007631528510107,-1.6671450255999372e-06,1.6671450255999372e-06
BTCUSDT,expected_cost,mean,404,0.0008015823650106,0.0007868748018939,1.470756311669995e-05,-1.470756311669995e-05
BTCUSDT,expected_cost,mean,505,0.0008334541742652,0.0008344229801177,-9.688058525000268e-07,9.688058525000268e-07
BTCUSDT,expected_cost,mean,606,0.0007904856086896,0.0007893064394582,1.1791692313999676e-06,-1.1791692313999676e-06
BTCUSDT,expected_cost,mean,707,0.0008085177228495,0.0007781357598603,3.0381962989199998e-05,-3.0381962989199998e-05
BTCUSDT,expected_cost,mean,808,0.0007940429184435,0.0007811049784193,1.2937940024199948e-05,-1.2937940024199948e-05
BTCUSDT,expected_cost,mean,909,0.0007647749447506,0.0007668180961423,-2.0431513917000326e-06,2.0431513917000326e-06
BTCUSDT,expected_cost,mean,1001,0.000780101760347,0.0007835429736198,-3.4412132727999973e-06,3.4412132727999973e-06
BTCUSDT,expected_cost,mean,1111,0.0007705240551048,0.0007607841149667,9.739940138100002e-06,-9.739940138100002e-06
BTCUSDT,expected_cost,mean,1212,0.0009010482180486,0.0008430002236413,5.8047994407299974e-05,-5.8047994407299974e-05
BTCUSDT,expected_cost,mean,1313,0.0007710288929443,0.0007737807424091,-2.751849464799989e-06,2.751849464799989e-06
BTCUSDT,expected_cost,mean,1414,0.0007662000078268,0.0007571973676809,9.002640145899972e-06,-9.002640145899972e-06
BTCUSDT,expected_cost,mean,1515,0.0008156554342782,0.0007770346210343,3.862081324390002e-05,-3.862081324390002e-05
BTCUSDT,expected_cost,cvar95,101,0.00505638710143,0.0043699810763736,0.0006864060250563993,-0.0006864060250563993
BTCUSDT,expected_cost,cvar95,202,0.0087896421197035,0.00645254935177,0.0023370927679334987,-0.0023370927679334987
BTCUSDT,expected_cost,cvar95,303,0.0042876550986672,0.0042326993499667,5.4955748700499796e-05,-5.4955748700499796e-05
BTCUSDT,expected_cost,cvar95,404,0.0051061949294989,0.0047582208054904,0.00034797412400850054,-0.00034797412400850054
BTCUSDT,expected_cost,cvar95,505,0.005709995379338,0.0056974104723257,1.2584907012299848e-05,-1.2584907012299848e-05
BTCUSDT,expected_cost,cvar95,606,0.0048548413666673,0.0047351275735543,0.00011971379311300021,-0.00011971379311300021
BTCUSDT,expected_cost,cvar95,707,0.005231241419286,0.0045678779190502,0.0006633635002358,-0.0006633635002358
BTCUSDT,expected_cost,cvar95,808,0.0049434818659073,0.0046246563961298,0.0003188254697774999,-0.0003188254697774999
BTCUSDT,expected_cost,cvar95,909,0.0043025695025629,0.0043134696280189,-1.0900125456000075e-05,1.0900125456000075e-05
BTCUSDT,expected_cost,cvar95,1001,0.0046827621140112,0.0046632450505269,1.951706348429956e-05,-1.951706348429956e-05
BTCUSDT,expected_cost,cvar95,1111,0.0044824083280979,0.0042408893578219,0.00024151897027599976,-0.00024151897027599976
BTCUSDT,expected_cost,cvar95,1212,0.0070400997304713,0.0058381440928561,0.0012019556376151996,-0.0012019556376151996
BTCUSDT,expected_cost,cvar95,1313,0.0044824723327522,0.0044804417213325,2.0306114197005468e-06,-2.0306114197005468e-06
BTCUSDT,expected_cost,cvar95,1414,0.0044064363120264,0.0041747089234508,0.0002317273885755998,-0.0002317273885755998
BTCUSDT,expected_cost,cvar95,1515,0.0053845734696338,0.0045216131678308,0.0008629603018029995,-0.0008629603018029995
BTCUSDT,expected_cost,cvar99,101,0.0146745771247031,0.0114735813688787,0.0032009957558243995,-0.0032009957558243995
BTCUSDT,expected_cost,cvar99,202,0.0337292807937048,0.0221720675025438,0.011557213291160998,-0.011557213291160998
BTCUSDT,expected_cost,cvar99,303,0.011338487810185,0.0107945915956077,0.0005438962145773007,-0.0005438962145773007
BTCUSDT,expected_cost,cvar99,404,0.0152915059534734,0.0134220628494732,0.0018694431040001992,-0.0018694431040001992
BTCUSDT,expected_cost,cvar99,505,0.0183438258877425,0.0182125297078567,0.0001312961798858002,-0.0001312961798858002
BTCUSDT,expected_cost,cvar99,606,0.0140505339393566,0.0132211999999927,0.0008293339393639007,-0.0008293339393639007
BTCUSDT,expected_cost,cvar99,707,0.0149955281312348,0.012297846577851,0.0026976815533837992,-0.0026976815533837992
BTCUSDT,expected_cost,cvar99,808,0.0148785440112464,0.0128469154735443,0.0020316285377021005,-0.0020316285377021005
BTCUSDT,expected_cost,cvar99,909,0.0112968733713842,0.0113039033028196,-7.0299314353997056e-06,7.0299314353997056e-06
BTCUSDT,expected_cost,cvar99,1001,0.0130944700065578,0.012854830081838,0.00023963992471980056,-0.00023963992471980056
BTCUSDT,expected_cost,cvar99,1111,0.0119629172031789,0.011086837329797,0.0008760798733819016,-0.0008760798733819016
BTCUSDT,expected_cost,cvar99,1212,0.0243096225672807,0.0187603356800171,0.0055492868872636,-0.0055492868872636
BTCUSDT,expected_cost,cvar99,1313,0.0120077752328701,0.0117530604381642,0.0002547147947058997,-0.0002547147947058997
BTCUSDT,expected_cost,cvar99,1414,0.0118623404623343,0.0109200277039771,0.0009423127583572007,-0.0009423127583572007
BTCUSDT,expected_cost,cvar99,1515,0.0165467229265517,0.0123017074854676,0.004245015441084099,-0.004245015441084099
BTCUSDT,expected_cost,exceedance_rate,101,0.0608,0.0605,0.00030000000000000165,-0.00030000000000000165
BTCUSDT,expected_cost,exceedance_rate,202,0.05885,0.05885,0.0,-0.0
BTCUSDT,expected_cost,exceedance_rate,303,0.06225,0.06275,-0.0005000000000000004,0.0005000000000000004
BTCUSDT,expected_cost,exceedance_rate,404,0.0607,0.05965,0.0010499999999999954,-0.0010499999999999954
BTCUSDT,expected_cost,exceedance_rate,505,0.0617,0.0603,0.0013999999999999985,-0.0013999999999999985
BTCUSDT,expected_cost,exceedance_rate,606,0.06215,0.064,-0.0018500000000000044,0.0018500000000000044
BTCUSDT,expected_cost,exceedance_rate,707,0.06365,0.0613,0.002349999999999998,-0.002349999999999998
BTCUSDT,expected_cost,exceedance_rate,808,0.06075,0.0605,0.0002500000000000002,-0.0002500000000000002
BTCUSDT,expected_cost,exceedance_rate,909,0.06375,0.0619,0.0018500000000000044,-0.0018500000000000044
BTCUSDT,expected_cost,exceedance_rate,1001,0.0617,0.06315,-0.00145,0.00145
BTCUSDT,expected_cost,exceedance_rate,1111,0.0609,0.0602,0.0007000000000000062,-0.0007000000000000062
BTCUSDT,expected_cost,exceedance_rate,1212,0.06485,0.06205,0.002800000000000004,-0.002800000000000004
BTCUSDT,expected_cost,exceedance_rate,1313,0.06045,0.0608,-0.0003500000000000031,0.0003500000000000031
BTCUSDT,expected_cost,exceedance_rate,1414,0.0606,0.05965,0.0009499999999999995,-0.0009499999999999995
BTCUSDT,expected_cost,exceedance_rate,1515,0.0611,0.06265,-0.0015499999999999958,0.0015499999999999958
BTCUSDT,expected_cost,mean_excess_given_exceedance,101,0.0031781236095901,0.0026261054293235,0.0005520181802665999,-0.0005520181802665999
BTCUSDT,expected_cost,mean_excess_given_exceedance,202,0.0064488983114879,0.0044626309982864,0.0019862673132015002,-0.0019862673132015002
BTCUSDT,expected_cost,mean_excess_given_exceedance,303,0.0024928371619133,0.0024286185824507,6.421857946259987e-05,-6.421857946259987e-05
BTCUSDT,expected_cost,mean_excess_given_exceedance,404,0.0032231232666608,0.0029843343567629,0.00023878890989789984,-0.00023878890989789984
BTCUSDT,expected_cost,mean_excess_given_exceedance,505,0.0036632418256915,0.0037330813427588,-6.983951706730036e-05,6.983951706730036e-05
BTCUSDT,expected_cost,mean_excess_given_exceedance,606,0.0029528163118352,0.0027793606694994,0.00017345564233579988,-0.00017345564233579988
BTCUSDT,expected_cost,mean_excess_given_exceedance,707,0.003183240713735,0.0027542574289197,0.0004289832848152998,-0.0004289832848152998
BTCUSDT,expected_cost,mean_excess_given_exceedance,808,0.0030875606537159,0.0028358772115632,0.00025168344215270025,-0.00025168344215270025
BTCUSDT,expected_cost,mean_excess_given_exceedance,909,0.00244856280609,0.0025205728085961,-7.201000250609988e-05,7.201000250609988e-05
BTCUSDT,expected_cost,mean_excess_given_exceedance,1001,0.0028331098981228,0.0027596181024596,7.34917956632e-05,-7.34917956632e-05
BTCUSDT,expected_cost,mean_excess_given_exceedance,1111,0.0027032039314739,0.0025273907534333,0.00017581317804059998,-0.00017581317804059998
BTCUSDT,expected_cost,mean_excess_given_exceedance,1212,0.0045219082930301,0.0037499044041706,0.0007720038888595002,-0.0007720038888595002
BTCUSDT,expected_cost,mean_excess_given_exceedance,1313,0.0027199036076733,0.0027049218084971,1.4981799176200326e-05,-1.4981799176200326e-05
BTCUSDT,expected_cost,mean_excess_given_exceedance,1414,0.0026515025325006,0.0024951268449604,0.00015637568754019995,-0.00015637568754019995
BTCUSDT,expected_cost,mean_excess_given_exceedance,1515,0.0034329917767909,0.0026633141662803,0.0007696776105106003,-0.0007696776105106003
BTCUSDT,expected_cost,completion,101,1.0,0.9999999999999996,4.440892098500626e-16,4.440892098500626e-16
BTCUSDT,expected_cost,completion,202,1.0,0.9999999999999996,4.440892098500626e-16,4.440892098500626e-16
BTCUSDT,expected_cost,completion,303,1.0,0.9999999999999996,4.440892098500626e-16,4.440892098500626e-16
BTCUSDT,expected_cost,completion,404,1.0,0.9999999999999996,4.440892098500626e-16,4.440892098500626e-16
BTCUSDT,expected_cost,completion,505,1.0,0.9999999999999996,4.440892098500626e-16,4.440892098500626e-16
BTCUSDT,expected_cost,completion,606,1.0,0.9999999999999996,4.440892098500626e-16,4.440892098500626e-16
BTCUSDT,expected_cost,completion,707,1.0,0.9999999999999996,4.440892098500626e-16,4.440892098500626e-16
BTCUSDT,expected_cost,completion,808,1.0,0.9999999999999996,4.440892098500626e-16,4.440892098500626e-16
BTCUSDT,expected_cost,completion,909,1.0,0.9999999999999996,4.440892098500626e-16,4.440892098500626e-16
BTCUSDT,expected_cost,completion,1001,1.0,0.9999999999999996,4.440892098500626e-16,4.440892098500626e-16
BTCUSDT,expected_cost,completion,1111,1.0,0.9999999999999996,4.440892098500626e-16,4.440892098500626e-16
BTCUSDT,expected_cost,completion,1212,1.0,0.9999999999999996,4.440892098500626e-16,4.440892098500626e-16
BTCUSDT,expected_cost,completion,1313,1.0,0.9999999999999996,4.440892098500626e-16,4.440892098500626e-16
BTCUSDT,expected_cost,completion,1414,1.0,0.9999999999999996,4.440892098500626e-16,4.440892098500626e-16
BTCUSDT,expected_cost,completion,1515,1.0,0.9999999999999996,4.440892098500626e-16,4.440892098500626e-16
BTCUSDT,nominal_cvar,mean,101,0.0007986765804838,0.0007678418813337,3.083469915009999e-05,-3.083469915009999e-05
BTCUSDT,nominal_cvar,mean,202,0.00098400889518,0.0008709677979001,0.00011304109727989999,-0.00011304109727989999
BTCUSDT,nominal_cvar,mean,303,0.0007614857059851,0.0007631528510107,-1.6671450255999372e-06,1.6671450255999372e-06
BTCUSDT,nominal_cvar,mean,404,0.0008015823650106,0.0007868748018939,1.470756311669995e-05,-1.470756311669995e-05
BTCUSDT,nominal_cvar,mean,505,0.0008334541742652,0.0008344229801177,-9.688058525000268e-07,9.688058525000268e-07
BTCUSDT,nominal_cvar,mean,606,0.0007904856086896,0.0007893064394582,1.1791692313999676e-06,-1.1791692313999676e-06
BTCUSDT,nominal_cvar,mean,707,0.0008085177228495,0.0007781357598603,3.0381962989199998e-05,-3.0381962989199998e-05
BTCUSDT,nominal_cvar,mean,808,0.0007940429184435,0.0007811049784193,1.2937940024199948e-05,-1.2937940024199948e-05
BTCUSDT,nominal_cvar,mean,909,0.0007647749447506,0.0007668180961423,-2.0431513917000326e-06,2.0431513917000326e-06
BTCUSDT,nominal_cvar,mean,1001,0.000780101760347,0.0007835429736198,-3.4412132727999973e-06,3.4412132727999973e-06
BTCUSDT,nominal_cvar,mean,1111,0.0007705240551048,0.0007607841149667,9.739940138100002e-06,-9.739940138100002e-06
BTCUSDT,nominal_cvar,mean,1212,0.0009010482180486,0.0008430002236413,5.8047994407299974e-05,-5.8047994407299974e-05
BTCUSDT,nominal_cvar,mean,1313,0.0007710288929443,0.0007737807424091,-2.751849464799989e-06,2.751849464799989e-06
BTCUSDT,nominal_cvar,mean,1414,0.0007662000078268,0.0007571973676809,9.002640145899972e-06,-9.002640145899972e-06
BTCUSDT,nominal_cvar,mean,1515,0.0008156554342782,0.0007770346210343,3.862081324390002e-05,-3.862081324390002e-05
BTCUSDT,nominal_cvar,cvar95,101,0.00505638710143,0.0043699810763736,0.0006864060250563993,-0.0006864060250563993
BTCUSDT,nominal_cvar,cvar95,202,0.0087896421197035,0.00645254935177,0.0023370927679334987,-0.0023370927679334987
BTCUSDT,nominal_cvar,cvar95,303,0.0042876550986672,0.0042326993499667,5.4955748700499796e-05,-5.4955748700499796e-05
BTCUSDT,nominal_cvar,cvar95,404,0.0051061949294989,0.0047582208054904,0.00034797412400850054,-0.00034797412400850054
BTCUSDT,nominal_cvar,cvar95,505,0.005709995379338,0.0056974104723257,1.2584907012299848e-05,-1.2584907012299848e-05
BTCUSDT,nominal_cvar,cvar95,606,0.0048548413666673,0.0047351275735543,0.00011971379311300021,-0.00011971379311300021
BTCUSDT,nominal_cvar,cvar95,707,0.005231241419286,0.0045678779190502,0.0006633635002358,-0.0006633635002358
BTCUSDT,nominal_cvar,cvar95,808,0.0049434818659073,0.0046246563961298,0.0003188254697774999,-0.0003188254697774999
BTCUSDT,nominal_cvar,cvar95,909,0.0043025695025629,0.0043134696280189,-1.0900125456000075e-05,1.0900125456000075e-05
BTCUSDT,nominal_cvar,cvar95,1001,0.0046827621140112,0.0046632450505269,1.951706348429956e-05,-1.951706348429956e-05
BTCUSDT,nominal_cvar,cvar95,1111,0.0044824083280979,0.0042408893578219,0.00024151897027599976,-0.00024151897027599976
BTCUSDT,nominal_cvar,cvar95,1212,0.0070400997304713,0.0058381440928561,0.0012019556376151996,-0.0012019556376151996
BTCUSDT,nominal_cvar,cvar95,1313,0.0044824723327522,0.0044804417213325,2.0306114197005468e-06,-2.0306114197005468e-06
BTCUSDT,nominal_cvar,cvar95,1414,0.0044064363120264,0.0041747089234508,0.0002317273885755998,-0.0002317273885755998
BTCUSDT,nominal_cvar,cvar95,1515,0.0053845734696338,0.0045216131678308,0.0008629603018029995,-0.0008629603018029995
BTCUSDT,nominal_cvar,cvar99,101,0.0146745771247031,0.0114735813688787,0.0032009957558243995,-0.0032009957558243995
BTCUSDT,nominal_cvar,cvar99,202,0.0337292807937048,0.0221720675025438,0.011557213291160998,-0.011557213291160998
BTCUSDT,nominal_cvar,cvar99,303,0.011338487810185,0.0107945915956077,0.0005438962145773007,-0.0005438962145773007
BTCUSDT,nominal_cvar,cvar99,404,0.0152915059534734,0.0134220628494732,0.0018694431040001992,-0.0018694431040001992
BTCUSDT,nominal_cvar,cvar99,505,0.0183438258877425,0.0182125297078567,0.0001312961798858002,-0.0001312961798858002
BTCUSDT,nominal_cvar,cvar99,606,0.0140505339393566,0.0132211999999927,0.0008293339393639007,-0.0008293339393639007
BTCUSDT,nominal_cvar,cvar99,707,0.0149955281312348,0.012297846577851,0.0026976815533837992,-0.0026976815533837992
BTCUSDT,nominal_cvar,cvar99,808,0.0148785440112464,0.0128469154735443,0.0020316285377021005,-0.0020316285377021005
BTCUSDT,nominal_cvar,cvar99,909,0.0112968733713842,0.0113039033028196,-7.0299314353997056e-06,7.0299314353997056e-06
BTCUSDT,nominal_cvar,cvar99,1001,0.0130944700065578,0.012854830081838,0.00023963992471980056,-0.00023963992471980056
BTCUSDT,nominal_cvar,cvar99,1111,0.0119629172031789,0.011086837329797,0.0008760798733819016,-0.0008760798733819016
BTCUSDT,nominal_cvar,cvar99,1212,0.0243096225672807,0.0187603356800171,0.0055492868872636,-0.0055492868872636
BTCUSDT,nominal_cvar,cvar99,1313,0.0120077752328701,0.0117530604381642,0.0002547147947058997,-0.0002547147947058997
BTCUSDT,nominal_cvar,cvar99,1414,0.0118623404623343,0.0109200277039771,0.0009423127583572007,-0.0009423127583572007
BTCUSDT,nominal_cvar,cvar99,1515,0.0165467229265517,0.0123017074854676,0.004245015441084099,-0.004245015441084099
BTCUSDT,nominal_cvar,exceedance_rate,101,0.0608,0.0605,0.00030000000000000165,-0.00030000000000000165
BTCUSDT,nominal_cvar,exceedance_rate,202,0.05885,0.05885,0.0,-0.0
BTCUSDT,nominal_cvar,exceedance_rate,303,0.06225,0.06275,-0.0005000000000000004,0.0005000000000000004
BTCUSDT,nominal_cvar,exceedance_rate,404,0.0607,0.05965,0.0010499999999999954,-0.0010499999999999954
BTCUSDT,nominal_cvar,exceedance_rate,505,0.0617,0.0603,0.0013999999999999985,-0.0013999999999999985
BTCUSDT,nominal_cvar,exceedance_rate,606,0.06215,0.064,-0.0018500000000000044,0.0018500000000000044
BTCUSDT,nominal_cvar,exceedance_rate,707,0.06365,0.0613,0.002349999999999998,-0.002349999999999998
BTCUSDT,nominal_cvar,exceedance_rate,808,0.06075,0.0605,0.0002500000000000002,-0.0002500000000000002
BTCUSDT,nominal_cvar,exceedance_rate,909,0.06375,0.0619,0.0018500000000000044,-0.0018500000000000044
BTCUSDT,nominal_cvar,exceedance_rate,1001,0.0617,0.06315,-0.00145,0.00145
BTCUSDT,nominal_cvar,exceedance_rate,1111,0.0609,0.0602,0.0007000000000000062,-0.0007000000000000062
BTCUSDT,nominal_cvar,exceedance_rate,1212,0.06485,0.06205,0.002800000000000004,-0.002800000000000004
BTCUSDT,nominal_cvar,exceedance_rate,1313,0.06045,0.0608,-0.0003500000000000031,0.0003500000000000031
BTCUSDT,nominal_cvar,exceedance_rate,1414,0.0606,0.05965,0.0009499999999999995,-0.0009499999999999995
BTCUSDT,nominal_cvar,exceedance_rate,1515,0.0611,0.06265,-0.0015499999999999958,0.0015499999999999958
BTCUSDT,nominal_cvar,mean_excess_given_exceedance,101,0.0031781236095901,0.0026261054293235,0.0005520181802665999,-0.0005520181802665999
BTCUSDT,nominal_cvar,mean_excess_given_exceedance,202,0.0064488983114879,0.0044626309982864,0.0019862673132015002,-0.0019862673132015002
BTCUSDT,nominal_cvar,mean_excess_given_exceedance,303,0.0024928371619133,0.0024286185824507,6.421857946259987e-05,-6.421857946259987e-05
BTCUSDT,nominal_cvar,mean_excess_given_exceedance,404,0.0032231232666608,0.0029843343567629,0.00023878890989789984,-0.00023878890989789984
BTCUSDT,nominal_cvar,mean_excess_given_exceedance,505,0.0036632418256915,0.0037330813427588,-6.983951706730036e-05,6.983951706730036e-05
BTCUSDT,nominal_cvar,mean_excess_given_exceedance,606,0.0029528163118352,0.0027793606694994,0.00017345564233579988,-0.00017345564233579988
BTCUSDT,nominal_cvar,mean_excess_given_exceedance,707,0.003183240713735,0.0027542574289197,0.0004289832848152998,-0.0004289832848152998
BTCUSDT,nominal_cvar,mean_excess_given_exceedance,808,0.0030875606537159,0.0028358772115632,0.00025168344215270025,-0.00025168344215270025
BTCUSDT,nominal_cvar,mean_excess_given_exceedance,909,0.00244856280609,0.0025205728085961,-7.201000250609988e-05,7.201000250609988e-05
BTCUSDT,nominal_cvar,mean_excess_given_exceedance,1001,0.0028331098981228,0.0027596181024596,7.34917956632e-05,-7.34917956632e-05
BTCUSDT,nominal_cvar,mean_excess_given_exceedance,1111,0.0027032039314739,0.0025273907534333,0.00017581317804059998,-0.00017581317804059998
BTCUSDT,nominal_cvar,mean_excess_given_exceedance,1212,0.0045219082930301,0.0037499044041706,0.0007720038888595002,-0.0007720038888595002
BTCUSDT,nominal_cvar,mean_excess_given_exceedance,1313,0.0027199036076733,0.0027049218084971,1.4981799176200326e-05,-1.4981799176200326e-05
BTCUSDT,nominal_cvar,mean_excess_given_exceedance,1414,0.0026515025325006,0.0024951268449604,0.00015637568754019995,-0.00015637568754019995
BTCUSDT,nominal_cvar,mean_excess_given_exceedance,1515,0.0034329917767909,0.0026633141662803,0.0007696776105106003,-0.0007696776105106003
BTCUSDT,nominal_cvar,completion,101,1.0,0.9999999999999996,4.440892098500626e-16,4.440892098500626e-16
BTCUSDT,nominal_cvar,completion,202,1.0,0.9999999999999996,4.440892098500626e-16,4.440892098500626e-16
BTCUSDT,nominal_cvar,completion,303,1.0,0.9999999999999996,4.440892098500626e-16,4.440892098500626e-16
BTCUSDT,nominal_cvar,completion,404,1.0,0.9999999999999996,4.440892098500626e-16,4.440892098500626e-16
BTCUSDT,nominal_cvar,completion,505,1.0,0.9999999999999996,4.440892098500626e-16,4.440892098500626e-16
BTCUSDT,nominal_cvar,completion,606,1.0,0.9999999999999996,4.440892098500626e-16,4.440892098500626e-16
BTCUSDT,nominal_cvar,completion,707,1.0,0.9999999999999996,4.440892098500626e-16,4.440892098500626e-16
BTCUSDT,nominal_cvar,completion,808,1.0,0.9999999999999996,4.440892098500626e-16,4.440892098500626e-16
BTCUSDT,nominal_cvar,completion,909,1.0,0.9999999999999996,4.440892098500626e-16,4.440892098500626e-16
BTCUSDT,nominal_cvar,completion,1001,1.0,0.9999999999999996,4.440892098500626e-16,4.440892098500626e-16
BTCUSDT,nominal_cvar,completion,1111,1.0,0.9999999999999996,4.440892098500626e-16,4.440892098500626e-16
BTCUSDT,nominal_cvar,completion,1212,1.0,0.9999999999999996,4.440892098500626e-16,4.440892098500626e-16
BTCUSDT,nominal_cvar,completion,1313,1.0,0.9999999999999996,4.440892098500626e-16,4.440892098500626e-16
BTCUSDT,nominal_cvar,completion,1414,1.0,0.9999999999999996,4.440892098500626e-16,4.440892098500626e-16
BTCUSDT,nominal_cvar,completion,1515,1.0,0.9999999999999996,4.440892098500626e-16,4.440892098500626e-16
BTCUSDT,global_kl,mean,101,0.0007986765804838,0.0007678418813337,3.083469915009999e-05,-3.083469915009999e-05
BTCUSDT,global_kl,mean,202,0.00098400889518,0.0008709677979001,0.00011304109727989999,-0.00011304109727989999
BTCUSDT,global_kl,mean,303,0.0007614857059851,0.0007631528510107,-1.6671450255999372e-06,1.6671450255999372e-06
BTCUSDT,global_kl,mean,404,0.0008015823650106,0.0007868748018939,1.470756311669995e-05,-1.470756311669995e-05
BTCUSDT,global_kl,mean,505,0.0008334541742652,0.0008344229801177,-9.688058525000268e-07,9.688058525000268e-07
BTCUSDT,global_kl,mean,606,0.0007904856086896,0.0007893064394582,1.1791692313999676e-06,-1.1791692313999676e-06
BTCUSDT,global_kl,mean,707,0.0008085177228495,0.0007781357598603,3.0381962989199998e-05,-3.0381962989199998e-05
BTCUSDT,global_kl,mean,808,0.0007940429184435,0.0007811049784193,1.2937940024199948e-05,-1.2937940024199948e-05
BTCUSDT,global_kl,mean,909,0.0007647749447506,0.0007668180961423,-2.0431513917000326e-06,2.0431513917000326e-06
BTCUSDT,global_kl,mean,1001,0.000780101760347,0.0007835429736198,-3.4412132727999973e-06,3.4412132727999973e-06
BTCUSDT,global_kl,mean,1111,0.0007705240551048,0.0007607841149667,9.739940138100002e-06,-9.739940138100002e-06
BTCUSDT,global_kl,mean,1212,0.0009010482180486,0.0008430002236413,5.8047994407299974e-05,-5.8047994407299974e-05
BTCUSDT,global_kl,mean,1313,0.0007710288929443,0.0007737807424091,-2.751849464799989e-06,2.751849464799989e-06
BTCUSDT,global_kl,mean,1414,0.0007662000078268,0.0007571973676809,9.002640145899972e-06,-9.002640145899972e-06
BTCUSDT,global_kl,mean,1515,0.0008156554342782,0.0007770346210343,3.862081324390002e-05,-3.862081324390002e-05
BTCUSDT,global_kl,cvar95,101,0.00505638710143,0.0043699810763736,0.0006864060250563993,-0.0006864060250563993
BTCUSDT,global_kl,cvar95,202,0.0087896421197035,0.00645254935177,0.0023370927679334987,-0.0023370927679334987
BTCUSDT,global_kl,cvar95,303,0.0042876550986672,0.0042326993499667,5.4955748700499796e-05,-5.4955748700499796e-05
BTCUSDT,global_kl,cvar95,404,0.0051061949294989,0.0047582208054904,0.00034797412400850054,-0.00034797412400850054
BTCUSDT,global_kl,cvar95,505,0.005709995379338,0.0056974104723257,1.2584907012299848e-05,-1.2584907012299848e-05
BTCUSDT,global_kl,cvar95,606,0.0048548413666673,0.0047351275735543,0.00011971379311300021,-0.00011971379311300021
BTCUSDT,global_kl,cvar95,707,0.005231241419286,0.0045678779190502,0.0006633635002358,-0.0006633635002358
BTCUSDT,global_kl,cvar95,808,0.0049434818659073,0.0046246563961298,0.0003188254697774999,-0.0003188254697774999
BTCUSDT,global_kl,cvar95,909,0.0043025695025629,0.0043134696280189,-1.0900125456000075e-05,1.0900125456000075e-05
BTCUSDT,global_kl,cvar95,1001,0.0046827621140112,0.0046632450505269,1.951706348429956e-05,-1.951706348429956e-05
BTCUSDT,global_kl,cvar95,1111,0.0044824083280979,0.0042408893578219,0.00024151897027599976,-0.00024151897027599976
BTCUSDT,global_kl,cvar95,1212,0.0070400997304713,0.0058381440928561,0.0012019556376151996,-0.0012019556376151996
BTCUSDT,global_kl,cvar95,1313,0.0044824723327522,0.0044804417213325,2.0306114197005468e-06,-2.0306114197005468e-06
BTCUSDT,global_kl,cvar95,1414,0.0044064363120264,0.0041747089234508,0.0002317273885755998,-0.0002317273885755998
BTCUSDT,global_kl,cvar95,1515,0.0053845734696338,0.0045216131678308,0.0008629603018029995,-0.0008629603018029995
BTCUSDT,global_kl,cvar99,101,0.0146745771247031,0.0114735813688787,0.0032009957558243995,-0.0032009957558243995
BTCUSDT,global_kl,cvar99,202,0.0337292807937048,0.0221720675025438,0.011557213291160998,-0.011557213291160998
BTCUSDT,global_kl,cvar99,303,0.011338487810185,0.0107945915956077,0.0005438962145773007,-0.0005438962145773007
BTCUSDT,global_kl,cvar99,404,0.0152915059534734,0.0134220628494732,0.0018694431040001992,-0.0018694431040001992
BTCUSDT,global_kl,cvar99,505,0.0183438258877425,0.0182125297078567,0.0001312961798858002,-0.0001312961798858002
BTCUSDT,global_kl,cvar99,606,0.0140505339393566,0.0132211999999927,0.0008293339393639007,-0.0008293339393639007
BTCUSDT,global_kl,cvar99,707,0.0149955281312348,0.012297846577851,0.0026976815533837992,-0.0026976815533837992
BTCUSDT,global_kl,cvar99,808,0.0148785440112464,0.0128469154735443,0.0020316285377021005,-0.0020316285377021005
BTCUSDT,global_kl,cvar99,909,0.0112968733713842,0.0113039033028196,-7.0299314353997056e-06,7.0299314353997056e-06
BTCUSDT,global_kl,cvar99,1001,0.0130944700065578,0.012854830081838,0.00023963992471980056,-0.00023963992471980056
BTCUSDT,global_kl,cvar99,1111,0.0119629172031789,0.011086837329797,0.0008760798733819016,-0.0008760798733819016
BTCUSDT,global_kl,cvar99,1212,0.0243096225672807,0.0187603356800171,0.0055492868872636,-0.0055492868872636
BTCUSDT,global_kl,cvar99,1313,0.0120077752328701,0.0117530604381642,0.0002547147947058997,-0.0002547147947058997
BTCUSDT,global_kl,cvar99,1414,0.0118623404623343,0.0109200277039771,0.0009423127583572007,-0.0009423127583572007
BTCUSDT,global_kl,cvar99,1515,0.0165467229265517,0.0123017074854676,0.004245015441084099,-0.004245015441084099
BTCUSDT,global_kl,exceedance_rate,101,0.0608,0.0605,0.00030000000000000165,-0.00030000000000000165
BTCUSDT,global_kl,exceedance_rate,202,0.05885,0.05885,0.0,-0.0
BTCUSDT,global_kl,exceedance_rate,303,0.06225,0.06275,-0.0005000000000000004,0.0005000000000000004
BTCUSDT,global_kl,exceedance_rate,404,0.0607,0.05965,0.0010499999999999954,-0.0010499999999999954
BTCUSDT,global_kl,exceedance_rate,505,0.0617,0.0603,0.0013999999999999985,-0.0013999999999999985
BTCUSDT,global_kl,exceedance_rate,606,0.06215,0.064,-0.0018500000000000044,0.0018500000000000044
BTCUSDT,global_kl,exceedance_rate,707,0.06365,0.0613,0.002349999999999998,-0.002349999999999998
BTCUSDT,global_kl,exceedance_rate,808,0.06075,0.0605,0.0002500000000000002,-0.0002500000000000002
BTCUSDT,global_kl,exceedance_rate,909,0.06375,0.0619,0.0018500000000000044,-0.0018500000000000044
BTCUSDT,global_kl,exceedance_rate,1001,0.0617,0.06315,-0.00145,0.00145
BTCUSDT,global_kl,exceedance_rate,1111,0.0609,0.0602,0.0007000000000000062,-0.0007000000000000062
BTCUSDT,global_kl,exceedance_rate,1212,0.06485,0.06205,0.002800000000000004,-0.002800000000000004
BTCUSDT,global_kl,exceedance_rate,1313,0.06045,0.0608,-0.0003500000000000031,0.0003500000000000031
BTCUSDT,global_kl,exceedance_rate,1414,0.0606,0.05965,0.0009499999999999995,-0.0009499999999999995
BTCUSDT,global_kl,exceedance_rate,1515,0.0611,0.06265,-0.0015499999999999958,0.0015499999999999958
BTCUSDT,global_kl,mean_excess_given_exceedance,101,0.0031781236095901,0.0026261054293235,0.0005520181802665999,-0.0005520181802665999
BTCUSDT,global_kl,mean_excess_given_exceedance,202,0.0064488983114879,0.0044626309982864,0.0019862673132015002,-0.0019862673132015002
BTCUSDT,global_kl,mean_excess_given_exceedance,303,0.0024928371619133,0.0024286185824507,6.421857946259987e-05,-6.421857946259987e-05
BTCUSDT,global_kl,mean_excess_given_exceedance,404,0.0032231232666608,0.0029843343567629,0.00023878890989789984,-0.00023878890989789984
BTCUSDT,global_kl,mean_excess_given_exceedance,505,0.0036632418256915,0.0037330813427588,-6.983951706730036e-05,6.983951706730036e-05
BTCUSDT,global_kl,mean_excess_given_exceedance,606,0.0029528163118352,0.0027793606694994,0.00017345564233579988,-0.00017345564233579988
BTCUSDT,global_kl,mean_excess_given_exceedance,707,0.003183240713735,0.0027542574289197,0.0004289832848152998,-0.0004289832848152998
BTCUSDT,global_kl,mean_excess_given_exceedance,808,0.0030875606537159,0.0028358772115632,0.00025168344215270025,-0.00025168344215270025
BTCUSDT,global_kl,mean_excess_given_exceedance,909,0.00244856280609,0.0025205728085961,-7.201000250609988e-05,7.201000250609988e-05
BTCUSDT,global_kl,mean_excess_given_exceedance,1001,0.0028331098981228,0.0027596181024596,7.34917956632e-05,-7.34917956632e-05
BTCUSDT,global_kl,mean_excess_given_exceedance,1111,0.0027032039314739,0.0025273907534333,0.00017581317804059998,-0.00017581317804059998
BTCUSDT,global_kl,mean_excess_given_exceedance,1212,0.0045219082930301,0.0037499044041706,0.0007720038888595002,-0.0007720038888595002
BTCUSDT,global_kl,mean_excess_given_exceedance,1313,0.0027199036076733,0.0027049218084971,1.4981799176200326e-05,-1.4981799176200326e-05
BTCUSDT,global_kl,mean_excess_given_exceedance,1414,0.0026515025325006,0.0024951268449604,0.00015637568754019995,-0.00015637568754019995
BTCUSDT,global_kl,mean_excess_given_exceedance,1515,0.0034329917767909,0.0026633141662803,0.0007696776105106003,-0.0007696776105106003
BTCUSDT,global_kl,completion,101,1.0,0.9999999999999996,4.440892098500626e-16,4.440892098500626e-16
BTCUSDT,global_kl,completion,202,1.0,0.9999999999999996,4.440892098500626e-16,4.440892098500626e-16
BTCUSDT,global_kl,completion,303,1.0,0.9999999999999996,4.440892098500626e-16,4.440892098500626e-16
BTCUSDT,global_kl,completion,404,1.0,0.9999999999999996,4.440892098500626e-16,4.440892098500626e-16
BTCUSDT,global_kl,completion,505,1.0,0.9999999999999996,4.440892098500626e-16,4.440892098500626e-16
BTCUSDT,global_kl,completion,606,1.0,0.9999999999999996,4.440892098500626e-16,4.440892098500626e-16
BTCUSDT,global_kl,completion,707,1.0,0.9999999999999996,4.440892098500626e-16,4.440892098500626e-16
BTCUSDT,global_kl,completion,808,1.0,0.9999999999999996,4.440892098500626e-16,4.440892098500626e-16
BTCUSDT,global_kl,completion,909,1.0,0.9999999999999996,4.440892098500626e-16,4.440892098500626e-16
BTCUSDT,global_kl,completion,1001,1.0,0.9999999999999996,4.440892098500626e-16,4.440892098500626e-16
BTCUSDT,global_kl,completion,1111,1.0,0.9999999999999996,4.440892098500626e-16,4.440892098500626e-16
BTCUSDT,global_kl,completion,1212,1.0,0.9999999999999996,4.440892098500626e-16,4.440892098500626e-16
BTCUSDT,global_kl,completion,1313,1.0,0.9999999999999996,4.440892098500626e-16,4.440892098500626e-16
BTCUSDT,global_kl,completion,1414,1.0,0.9999999999999996,4.440892098500626e-16,4.440892098500626e-16
BTCUSDT,global_kl,completion,1515,1.0,0.9999999999999996,4.440892098500626e-16,4.440892098500626e-16
ETHUSDT,expected_cost,mean,101,0.0203613693615941,0.020703468231868,-0.00034209887027390057,0.00034209887027390057
ETHUSDT,expected_cost,mean,202,0.0204591558370739,0.0207722879512569,-0.00031313211418300055,0.00031313211418300055
ETHUSDT,expected_cost,mean,303,0.0204702293202364,0.020771193710908,-0.0003009643906716,0.0003009643906716
ETHUSDT,expected_cost,mean,404,0.0203987127353787,0.020736836768851,-0.0003381240334723,0.0003381240334723
ETHUSDT,expected_cost,mean,505,0.0206868522206925,0.0209992382686998,-0.00031238604800729736,0.00031238604800729736
ETHUSDT,expected_cost,mean,606,0.0204030244216665,0.020793741918589,-0.0003907174969225019,0.0003907174969225019
ETHUSDT,expected_cost,mean,707,0.0206250800812089,0.0209095941741852,-0.00028451409297629987,0.00028451409297629987
ETHUSDT,expected_cost,mean,808,0.020681240271483,0.0210201190299131,-0.00033887875843010076,0.00033887875843010076
ETHUSDT,expected_cost,mean,909,0.0205171543890499,0.0208951577068283,-0.0003780033177783991,0.0003780033177783991
ETHUSDT,expected_cost,mean,1001,0.0202881648702196,0.0205909285723729,-0.0003027637021533018,0.0003027637021533018
ETHUSDT,expected_cost,mean,1111,0.0205078240877459,0.0208938784583572,-0.00038605437061129885,0.00038605437061129885
ETHUSDT,expected_cost,mean,1212,0.0203234321199035,0.0205982306621527,-0.0002747985422492001,0.0002747985422492001
ETHUSDT,expected_cost,mean,1313,0.0210171175589814,0.0213261318191237,-0.0003090142601422999,0.0003090142601422999
ETHUSDT,expected_cost,mean,1414,0.020363396400615,0.0207133755702253,-0.00034997916961030176,0.00034997916961030176
ETHUSDT,expected_cost,mean,1515,0.0203883732922438,0.020683856802082,-0.0002954835098381986,0.0002954835098381986
ETHUSDT,expected_cost,cvar95,101,0.0608357202122782,0.0629755450770633,-0.002139824864785096,0.002139824864785096
ETHUSDT,expected_cost,cvar95,202,0.0630389890702069,0.0649924452413755,-0.0019534561711685994,0.0019534561711685994
ETHUSDT,expected_cost,cvar95,303,0.0631325156464172,0.0649394993409424,-0.0018069836945251994,0.0018069836945251994
ETHUSDT,expected_cost,cvar95,404,0.0624507792986252,0.0650995897066696,-0.0026488104080443983,0.0026488104080443983
ETHUSDT,expected_cost,cvar95,505,0.0666691263840638,0.0685806063953738,-0.0019114800113100017,0.0019114800113100017
ETHUSDT,expected_cost,cvar95,606,0.0617990508927662,0.0653226139912659,-0.003523563098499702,0.003523563098499702
ETHUSDT,expected_cost,cvar95,707,0.0654417912668797,0.0670106851581508,-0.0015688938912711003,0.0015688938912711003
ETHUSDT,expected_cost,cvar95,808,0.0672328805486648,0.0690865194964134,-0.0018536389477485926,0.0018536389477485926
ETHUSDT,expected_cost,cvar95,909,0.0635101901169962,0.0662423905100891,-0.0027322003930928956,0.0027322003930928956
ETHUSDT,expected_cost,cvar95,1001,0.0597428975949921,0.0616885156646223,-0.0019456180696302006,0.0019456180696302006
ETHUSDT,expected_cost,cvar95,1111,0.0636026826594512,0.0665840467179493,-0.0029813640584981094,0.0029813640584981094
ETHUSDT,expected_cost,cvar95,1212,0.0606335325949377,0.0617714502463376,-0.0011379176513999015,0.0011379176513999015
ETHUSDT,expected_cost,cvar95,1313,0.0724717514993399,0.0739507765142164,-0.0014790250148764977,0.0014790250148764977
ETHUSDT,expected_cost,cvar95,1414,0.0624750144943967,0.0645855632205226,-0.0021105487261258993,0.0021105487261258993
ETHUSDT,expected_cost,cvar95,1515,0.0611724919024588,0.0625134282269756,-0.0013409363245168032,0.0013409363245168032
ETHUSDT,expected_cost,cvar99,101,0.1262764089685449,0.1285052979267801,-0.002228888958235198,0.002228888958235198
ETHUSDT,expected_cost,cvar99,202,0.1377901239532454,0.1371476616530097,0.0006424623002357077,-0.0006424623002357077
ETHUSDT,expected_cost,cvar99,303,0.1382900826007539,0.1373106171803307,0.000979465420423209,-0.000979465420423209
ETHUSDT,expected_cost,cvar99,404,0.1334736430912831,0.1372234603914777,-0.003749817300194608,0.003749817300194608
ETHUSDT,expected_cost,cvar99,505,0.1507260104757976,0.1497867213428862,0.0009392891329113862,-0.0009392891329113862
ETHUSDT,expected_cost,cvar99,606,0.1281293412770419,0.13608076703216,-0.007951425755118091,0.007951425755118091
ETHUSDT,expected_cost,cvar99,707,0.1440808567211018,0.1436612294756218,0.0004196272454800032,-0.0004196272454800032
ETHUSDT,expected_cost,cvar99,808,0.1537130220920154,0.1522062705878615,0.0015067515041539137,-0.0015067515041539137
ETHUSDT,expected_cost,cvar99,909,0.132800385881283,0.136530586606314,-0.0037302007250309965,0.0037302007250309965
ETHUSDT,expected_cost,cvar99,1001,0.1231378482361983,0.1228012499779556,0.0003365982582426985,-0.0003365982582426985
ETHUSDT,expected_cost,cvar99,1111,0.1335879144013955,0.1376718968890471,-0.0040839824876515995,0.0040839824876515995
ETHUSDT,expected_cost,cvar99,1212,0.1258133227238651,0.1229263838442276,0.0028869388796375073,-0.0028869388796375073
ETHUSDT,expected_cost,cvar99,1313,0.1722562211969822,0.1696474594836071,0.002608761713375096,-0.002608761713375096
ETHUSDT,expected_cost,cvar99,1414,0.1316618485635215,0.1313757503218958,0.0002860982416257041,-0.0002860982416257041
ETHUSDT,expected_cost,cvar99,1515,0.1289205602586162,0.1259971676915753,0.002923392567040911,-0.002923392567040911
ETHUSDT,expected_cost,exceedance_rate,101,0.0464,0.0509,-0.004500000000000004,0.004500000000000004
ETHUSDT,expected_cost,exceedance_rate,202,0.04305,0.0473,-0.004250000000000004,0.004250000000000004
ETHUSDT,expected_cost,exceedance_rate,303,0.0451,0.0487,-0.003599999999999999,0.003599999999999999
ETHUSDT,expected_cost,exceedance_rate,404,0.0461,0.0487,-0.002599999999999998,0.002599999999999998
ETHUSDT,expected_cost,exceedance_rate,505,0.0467,0.0499,-0.0032000000000000015,0.0032000000000000015
ETHUSDT,expected_cost,exceedance_rate,606,0.046,0.04935,-0.003349999999999999,0.003349999999999999
ETHUSDT,expected_cost,exceedance_rate,707,0.05095,0.05195,-0.0010000000000000009,0.0010000000000000009
ETHUSDT,expected_cost,exceedance_rate,808,0.04665,0.05115,-0.004500000000000004,0.004500000000000004
ETHUSDT,expected_cost,exceedance_rate,909,0.04795,0.0517,-0.0037500000000000033,0.0037500000000000033
ETHUSDT,expected_cost,exceedance_rate,1001,0.04365,0.0467,-0.003049999999999997,0.003049999999999997
ETHUSDT,expected_cost,exceedance_rate,1111,0.04845,0.0541,-0.005650000000000002,0.005650000000000002
ETHUSDT,expected_cost,exceedance_rate,1212,0.0445,0.04815,-0.0036500000000000005,0.0036500000000000005
ETHUSDT,expected_cost,exceedance_rate,1313,0.0491,0.052,-0.0029,0.0029
ETHUSDT,expected_cost,exceedance_rate,1414,0.0468,0.05195,-0.005150000000000002,0.005150000000000002
ETHUSDT,expected_cost,exceedance_rate,1515,0.0459,0.0491,-0.0031999999999999945,0.0031999999999999945
ETHUSDT,expected_cost,mean_excess_given_exceedance,101,0.0281535708339261,0.0277310544156854,0.00042251641824070027,-0.00042251641824070027
ETHUSDT,expected_cost,mean_excess_given_exceedance,202,0.0330023996656171,0.0319925570112524,0.0010098426543646982,-0.0010098426543646982
ETHUSDT,expected_cost,mean_excess_given_exceedance,303,0.0315454910741946,0.0310040946225981,0.0005413964515964959,-0.0005413964515964959
ETHUSDT,expected_cost,mean_excess_given_exceedance,404,0.0300975252650647,0.0311666771796612,-0.0010691519145965,0.0010691519145965
ETHUSDT,expected_cost,mean_excess_given_exceedance,505,0.0342197277378208,0.03390070192911,0.0003190258087108003,-0.0003190258087108003
ETHUSDT,expected_cost,mean_excess_given_exceedance,606,0.0294463279889153,0.0309793299365001,-0.001533001947584798,0.001533001947584798
ETHUSDT,expected_cost,mean_excess_given_exceedance,707,0.0301240470559644,0.0310640323808935,-0.0009399853249290983,0.0009399853249290983
ETHUSDT,expected_cost,mean_excess_given_exceedance,808,0.0348665166027203,0.0335714694024456,0.0012950472002747002,-0.0012950472002747002
ETHUSDT,expected_cost,mean_excess_given_exceedance,909,0.0300052950458451,0.0304696857231736,-0.00046439067732850087,0.00046439067732850087
ETHUSDT,expected_cost,mean_excess_given_exceedance,1001,0.0287614913834451,0.0288843751859065,-0.00012288380246140013,0.00012288380246140013
ETHUSDT,expected_cost,mean_excess_given_exceedance,1111,0.0297886037837015,0.029476441527612,0.00031216225608950154,-0.00031216225608950154
ETHUSDT,expected_cost,mean_excess_given_exceedance,1212,0.0291888653376299,0.0280751229088065,0.0011137424288234013,-0.0011137424288234013
ETHUSDT,expected_cost,mean_excess_given_exceedance,1313,0.0384171072665204,0.0377115666645139,0.0007055406020065047,-0.0007055406020065047
ETHUSDT,expected_cost,mean_excess_given_exceedance,1414,0.0296602846643773,0.0287315177302029,0.0009287669341743986,-0.0009287669341743986
ETHUSDT,expected_cost,mean_excess_given_exceedance,1515,0.0288489780076762,0.0282783787167343,0.0005705992909419005,-0.0005705992909419005
ETHUSDT,expected_cost,completion,101,1.0,1.0,0.0,0.0
ETHUSDT,expected_cost,completion,202,1.0,1.0,0.0,0.0
ETHUSDT,expected_cost,completion,303,1.0,1.0,0.0,0.0
ETHUSDT,expected_cost,completion,404,1.0,1.0,0.0,0.0
ETHUSDT,expected_cost,completion,505,1.0,1.0,0.0,0.0
ETHUSDT,expected_cost,completion,606,1.0,1.0,0.0,0.0
ETHUSDT,expected_cost,completion,707,1.0,1.0,0.0,0.0
ETHUSDT,expected_cost,completion,808,1.0,1.0,0.0,0.0
ETHUSDT,expected_cost,completion,909,1.0,1.0,0.0,0.0
ETHUSDT,expected_cost,completion,1001,1.0,1.0,0.0,0.0
ETHUSDT,expected_cost,completion,1111,1.0,1.0,0.0,0.0
ETHUSDT,expected_cost,completion,1212,1.0,1.0,0.0,0.0
ETHUSDT,expected_cost,completion,1313,1.0,1.0,0.0,0.0
ETHUSDT,expected_cost,completion,1414,1.0,1.0,0.0,0.0
ETHUSDT,expected_cost,completion,1515,1.0,1.0,0.0,0.0
ETHUSDT,nominal_cvar,mean,101,0.0203613693615941,0.020703468231868,-0.00034209887027390057,0.00034209887027390057
ETHUSDT,nominal_cvar,mean,202,0.0204591558370739,0.0207722879512569,-0.00031313211418300055,0.00031313211418300055
ETHUSDT,nominal_cvar,mean,303,0.0204702293202364,0.020771193710908,-0.0003009643906716,0.0003009643906716
ETHUSDT,nominal_cvar,mean,404,0.0203987127353787,0.020736836768851,-0.0003381240334723,0.0003381240334723
ETHUSDT,nominal_cvar,mean,505,0.0206868522206925,0.0209992382686998,-0.00031238604800729736,0.00031238604800729736
ETHUSDT,nominal_cvar,mean,606,0.0204030244216665,0.020793741918589,-0.0003907174969225019,0.0003907174969225019
ETHUSDT,nominal_cvar,mean,707,0.0206250800812089,0.0209095941741852,-0.00028451409297629987,0.00028451409297629987
ETHUSDT,nominal_cvar,mean,808,0.020681240271483,0.0210201190299131,-0.00033887875843010076,0.00033887875843010076
ETHUSDT,nominal_cvar,mean,909,0.0205171543890499,0.0208951577068283,-0.0003780033177783991,0.0003780033177783991
ETHUSDT,nominal_cvar,mean,1001,0.0202881648702196,0.0205909285723729,-0.0003027637021533018,0.0003027637021533018
ETHUSDT,nominal_cvar,mean,1111,0.0205078240877459,0.0208938784583572,-0.00038605437061129885,0.00038605437061129885
ETHUSDT,nominal_cvar,mean,1212,0.0203234321199035,0.0205982306621527,-0.0002747985422492001,0.0002747985422492001
ETHUSDT,nominal_cvar,mean,1313,0.0210171175589814,0.0213261318191237,-0.0003090142601422999,0.0003090142601422999
ETHUSDT,nominal_cvar,mean,1414,0.020363396400615,0.0207133755702253,-0.00034997916961030176,0.00034997916961030176
ETHUSDT,nominal_cvar,mean,1515,0.0203883732922438,0.020683856802082,-0.0002954835098381986,0.0002954835098381986
ETHUSDT,nominal_cvar,cvar95,101,0.0608357202122782,0.0629755450770633,-0.002139824864785096,0.002139824864785096
ETHUSDT,nominal_cvar,cvar95,202,0.0630389890702069,0.0649924452413755,-0.0019534561711685994,0.0019534561711685994
ETHUSDT,nominal_cvar,cvar95,303,0.0631325156464172,0.0649394993409424,-0.0018069836945251994,0.0018069836945251994
ETHUSDT,nominal_cvar,cvar95,404,0.0624507792986252,0.0650995897066696,-0.0026488104080443983,0.0026488104080443983
ETHUSDT,nominal_cvar,cvar95,505,0.0666691263840638,0.0685806063953738,-0.0019114800113100017,0.0019114800113100017
ETHUSDT,nominal_cvar,cvar95,606,0.0617990508927662,0.0653226139912659,-0.003523563098499702,0.003523563098499702
ETHUSDT,nominal_cvar,cvar95,707,0.0654417912668797,0.0670106851581508,-0.0015688938912711003,0.0015688938912711003
ETHUSDT,nominal_cvar,cvar95,808,0.0672328805486648,0.0690865194964134,-0.0018536389477485926,0.0018536389477485926
ETHUSDT,nominal_cvar,cvar95,909,0.0635101901169962,0.0662423905100891,-0.0027322003930928956,0.0027322003930928956
ETHUSDT,nominal_cvar,cvar95,1001,0.0597428975949921,0.0616885156646223,-0.0019456180696302006,0.0019456180696302006
ETHUSDT,nominal_cvar,cvar95,1111,0.0636026826594512,0.0665840467179493,-0.0029813640584981094,0.0029813640584981094
ETHUSDT,nominal_cvar,cvar95,1212,0.0606335325949377,0.0617714502463376,-0.0011379176513999015,0.0011379176513999015
ETHUSDT,nominal_cvar,cvar95,1313,0.0724717514993399,0.0739507765142164,-0.0014790250148764977,0.0014790250148764977
ETHUSDT,nominal_cvar,cvar95,1414,0.0624750144943967,0.0645855632205226,-0.0021105487261258993,0.0021105487261258993
ETHUSDT,nominal_cvar,cvar95,1515,0.0611724919024588,0.0625134282269756,-0.0013409363245168032,0.0013409363245168032
ETHUSDT,nominal_cvar,cvar99,101,0.1262764089685449,0.1285052979267801,-0.002228888958235198,0.002228888958235198
ETHUSDT,nominal_cvar,cvar99,202,0.1377901239532454,0.1371476616530097,0.0006424623002357077,-0.0006424623002357077
ETHUSDT,nominal_cvar,cvar99,303,0.1382900826007539,0.1373106171803307,0.000979465420423209,-0.000979465420423209
ETHUSDT,nominal_cvar,cvar99,404,0.1334736430912831,0.1372234603914777,-0.003749817300194608,0.003749817300194608
ETHUSDT,nominal_cvar,cvar99,505,0.1507260104757976,0.1497867213428862,0.0009392891329113862,-0.0009392891329113862
ETHUSDT,nominal_cvar,cvar99,606,0.1281293412770419,0.13608076703216,-0.007951425755118091,0.007951425755118091
ETHUSDT,nominal_cvar,cvar99,707,0.1440808567211018,0.1436612294756218,0.0004196272454800032,-0.0004196272454800032
ETHUSDT,nominal_cvar,cvar99,808,0.1537130220920154,0.1522062705878615,0.0015067515041539137,-0.0015067515041539137
ETHUSDT,nominal_cvar,cvar99,909,0.132800385881283,0.136530586606314,-0.0037302007250309965,0.0037302007250309965
ETHUSDT,nominal_cvar,cvar99,1001,0.1231378482361983,0.1228012499779556,0.0003365982582426985,-0.0003365982582426985
ETHUSDT,nominal_cvar,cvar99,1111,0.1335879144013955,0.1376718968890471,-0.0040839824876515995,0.0040839824876515995
ETHUSDT,nominal_cvar,cvar99,1212,0.1258133227238651,0.1229263838442276,0.0028869388796375073,-0.0028869388796375073
ETHUSDT,nominal_cvar,cvar99,1313,0.1722562211969822,0.1696474594836071,0.002608761713375096,-0.002608761713375096
ETHUSDT,nominal_cvar,cvar99,1414,0.1316618485635215,0.1313757503218958,0.0002860982416257041,-0.0002860982416257041
ETHUSDT,nominal_cvar,cvar99,1515,0.1289205602586162,0.1259971676915753,0.002923392567040911,-0.002923392567040911
ETHUSDT,nominal_cvar,exceedance_rate,101,0.0464,0.0509,-0.004500000000000004,0.004500000000000004
ETHUSDT,nominal_cvar,exceedance_rate,202,0.04305,0.0473,-0.004250000000000004,0.004250000000000004
ETHUSDT,nominal_cvar,exceedance_rate,303,0.0451,0.0487,-0.003599999999999999,0.003599999999999999
ETHUSDT,nominal_cvar,exceedance_rate,404,0.0461,0.0487,-0.002599999999999998,0.002599999999999998
ETHUSDT,nominal_cvar,exceedance_rate,505,0.0467,0.0499,-0.0032000000000000015,0.0032000000000000015
ETHUSDT,nominal_cvar,exceedance_rate,606,0.046,0.04935,-0.003349999999999999,0.003349999999999999
ETHUSDT,nominal_cvar,exceedance_rate,707,0.05095,0.05195,-0.0010000000000000009,0.0010000000000000009
ETHUSDT,nominal_cvar,exceedance_rate,808,0.04665,0.05115,-0.004500000000000004,0.004500000000000004
ETHUSDT,nominal_cvar,exceedance_rate,909,0.04795,0.0517,-0.0037500000000000033,0.0037500000000000033
ETHUSDT,nominal_cvar,exceedance_rate,1001,0.04365,0.0467,-0.003049999999999997,0.003049999999999997
ETHUSDT,nominal_cvar,exceedance_rate,1111,0.04845,0.0541,-0.005650000000000002,0.005650000000000002
ETHUSDT,nominal_cvar,exceedance_rate,1212,0.0445,0.04815,-0.0036500000000000005,0.0036500000000000005
ETHUSDT,nominal_cvar,exceedance_rate,1313,0.0491,0.052,-0.0029,0.0029
ETHUSDT,nominal_cvar,exceedance_rate,1414,0.0468,0.05195,-0.005150000000000002,0.005150000000000002
ETHUSDT,nominal_cvar,exceedance_rate,1515,0.0459,0.0491,-0.0031999999999999945,0.0031999999999999945
ETHUSDT,nominal_cvar,mean_excess_given_exceedance,101,0.0281535708339261,0.0277310544156854,0.00042251641824070027,-0.00042251641824070027
ETHUSDT,nominal_cvar,mean_excess_given_exceedance,202,0.0330023996656171,0.0319925570112524,0.0010098426543646982,-0.0010098426543646982
ETHUSDT,nominal_cvar,mean_excess_given_exceedance,303,0.0315454910741946,0.0310040946225981,0.0005413964515964959,-0.0005413964515964959
ETHUSDT,nominal_cvar,mean_excess_given_exceedance,404,0.0300975252650647,0.0311666771796612,-0.0010691519145965,0.0010691519145965
ETHUSDT,nominal_cvar,mean_excess_given_exceedance,505,0.0342197277378208,0.03390070192911,0.0003190258087108003,-0.0003190258087108003
ETHUSDT,nominal_cvar,mean_excess_given_exceedance,606,0.0294463279889153,0.0309793299365001,-0.001533001947584798,0.001533001947584798
ETHUSDT,nominal_cvar,mean_excess_given_exceedance,707,0.0301240470559644,0.0310640323808935,-0.0009399853249290983,0.0009399853249290983
ETHUSDT,nominal_cvar,mean_excess_given_exceedance,808,0.0348665166027203,0.0335714694024456,0.0012950472002747002,-0.0012950472002747002
ETHUSDT,nominal_cvar,mean_excess_given_exceedance,909,0.0300052950458451,0.0304696857231736,-0.00046439067732850087,0.00046439067732850087
ETHUSDT,nominal_cvar,mean_excess_given_exceedance,1001,0.0287614913834451,0.0288843751859065,-0.00012288380246140013,0.00012288380246140013
ETHUSDT,nominal_cvar,mean_excess_given_exceedance,1111,0.0297886037837015,0.029476441527612,0.00031216225608950154,-0.00031216225608950154
ETHUSDT,nominal_cvar,mean_excess_given_exceedance,1212,0.0291888653376299,0.0280751229088065,0.0011137424288234013,-0.0011137424288234013
ETHUSDT,nominal_cvar,mean_excess_given_exceedance,1313,0.0384171072665204,0.0377115666645139,0.0007055406020065047,-0.0007055406020065047
ETHUSDT,nominal_cvar,mean_excess_given_exceedance,1414,0.0296602846643773,0.0287315177302029,0.0009287669341743986,-0.0009287669341743986
ETHUSDT,nominal_cvar,mean_excess_given_exceedance,1515,0.0288489780076762,0.0282783787167343,0.0005705992909419005,-0.0005705992909419005
ETHUSDT,nominal_cvar,completion,101,1.0,1.0,0.0,0.0
ETHUSDT,nominal_cvar,completion,202,1.0,1.0,0.0,0.0
ETHUSDT,nominal_cvar,completion,303,1.0,1.0,0.0,0.0
ETHUSDT,nominal_cvar,completion,404,1.0,1.0,0.0,0.0
ETHUSDT,nominal_cvar,completion,505,1.0,1.0,0.0,0.0
ETHUSDT,nominal_cvar,completion,606,1.0,1.0,0.0,0.0
ETHUSDT,nominal_cvar,completion,707,1.0,1.0,0.0,0.0
ETHUSDT,nominal_cvar,completion,808,1.0,1.0,0.0,0.0
ETHUSDT,nominal_cvar,completion,909,1.0,1.0,0.0,0.0
ETHUSDT,nominal_cvar,completion,1001,1.0,1.0,0.0,0.0
ETHUSDT,nominal_cvar,completion,1111,1.0,1.0,0.0,0.0
ETHUSDT,nominal_cvar,completion,1212,1.0,1.0,0.0,0.0
ETHUSDT,nominal_cvar,completion,1313,1.0,1.0,0.0,0.0
ETHUSDT,nominal_cvar,completion,1414,1.0,1.0,0.0,0.0
ETHUSDT,nominal_cvar,completion,1515,1.0,1.0,0.0,0.0
ETHUSDT,global_kl,mean,101,0.0203613693615941,0.0214473742021669,-0.0010860048405728004,0.0010860048405728004
ETHUSDT,global_kl,mean,202,0.0204591558370739,0.0214930086446439,-0.0010338528075700022,0.0010338528075700022
ETHUSDT,global_kl,mean,303,0.0204702293202364,0.0214171753735178,-0.0009469460532814007,0.0009469460532814007
ETHUSDT,global_kl,mean,404,0.0203987127353787,0.0214165883003922,-0.0010178755650135027,0.0010178755650135027
ETHUSDT,global_kl,mean,505,0.0206868522206925,0.0216270206493205,-0.0009401684286279993,0.0009401684286279993
ETHUSDT,global_kl,mean,606,0.0204030244216665,0.0215464592683644,-0.0011434348466979015,0.0011434348466979015
ETHUSDT,global_kl,mean,707,0.0206250800812089,0.0216543331766663,-0.0010292530954573997,0.0010292530954573997
ETHUSDT,global_kl,mean,808,0.020681240271483,0.021714011751916,-0.0010327714804330007,0.0010327714804330007
ETHUSDT,global_kl,mean,909,0.0205171543890499,0.0215239412887214,-0.0010067868996714996,0.0010067868996714996
ETHUSDT,global_kl,mean,1001,0.0202881648702196,0.0212992172058952,-0.0010110523356756003,0.0010110523356756003
ETHUSDT,global_kl,mean,1111,0.0205078240877459,0.0217270078817911,-0.0012191837940451998,0.0012191837940451998
ETHUSDT,global_kl,mean,1212,0.0203234321199035,0.0213066320885369,-0.0009831999686333998,0.0009831999686333998
ETHUSDT,global_kl,mean,1313,0.0210171175589814,0.0219927583891514,-0.0009756408301699986,0.0009756408301699986
ETHUSDT,global_kl,mean,1414,0.020363396400615,0.0214564206659213,-0.0010930242653063027,0.0010930242653063027
ETHUSDT,global_kl,mean,1515,0.0203883732922438,0.021383992119811,-0.000995618827567199,0.000995618827567199
ETHUSDT,global_kl,cvar95,101,0.0608357202122782,0.0700356893035117,-0.009199969091233502,0.009199969091233502
ETHUSDT,global_kl,cvar95,202,0.0630389890702069,0.0718052917726507,-0.008766302702443801,0.008766302702443801
ETHUSDT,global_kl,cvar95,303,0.0631325156464172,0.0707207106303348,-0.007588194983917607,0.007588194983917607
ETHUSDT,global_kl,cvar95,404,0.0624507792986252,0.0708586002786301,-0.0084078209800049,0.0084078209800049
ETHUSDT,global_kl,cvar95,505,0.0666691263840638,0.0739712655408193,-0.007302139156755497,0.007302139156755497
ETHUSDT,global_kl,cvar95,606,0.0617990508927662,0.0722233516917243,-0.010424300798958092,0.010424300798958092
ETHUSDT,global_kl,cvar95,707,0.0654417912668797,0.0739184896405012,-0.0084766983736215,0.0084766983736215
ETHUSDT,global_kl,cvar95,808,0.0672328805486648,0.0750047839119449,-0.007771903363280097,0.007771903363280097
ETHUSDT,global_kl,cvar95,909,0.0635101901169962,0.0714059167344539,-0.007895726617457702,0.007895726617457702
ETHUSDT,global_kl,cvar95,1001,0.0597428975949921,0.0680599623805227,-0.008317064785530598,0.008317064785530598
ETHUSDT,global_kl,cvar95,1111,0.0636026826594512,0.0746892051807035,-0.011086522521252307,0.011086522521252307
ETHUSDT,global_kl,cvar95,1212,0.0606335325949377,0.0683983792068743,-0.007764846611936604,0.007764846611936604
ETHUSDT,global_kl,cvar95,1313,0.0724717514993399,0.0790608465372652,-0.006589095037925291,0.006589095037925291
ETHUSDT,global_kl,cvar95,1414,0.0624750144943967,0.0717734257383744,-0.009298411243977706,0.009298411243977706
ETHUSDT,global_kl,cvar95,1515,0.0611724919024588,0.0690510313421302,-0.0078785394396714,0.0078785394396714
ETHUSDT,global_kl,cvar99,101,0.1262764089685449,0.1386317602904682,-0.012355351321923308,0.012355351321923308
ETHUSDT,global_kl,cvar99,202,0.1377901239532454,0.1447760693473096,-0.006985945394064191,0.006985945394064191
ETHUSDT,global_kl,cvar99,303,0.1382900826007539,0.1436567232810934,-0.005366640680339513,0.005366640680339513
ETHUSDT,global_kl,cvar99,404,0.1334736430912831,0.1393820851044997,-0.005908442013216608,0.005908442013216608
ETHUSDT,global_kl,cvar99,505,0.1507260104757976,0.1501415580226394,0.0005844524531581907,-0.0005844524531581907
ETHUSDT,global_kl,cvar99,606,0.1281293412770419,0.1465432095935734,-0.018413868316531495,0.018413868316531495
ETHUSDT,global_kl,cvar99,707,0.1440808567211018,0.1562003032169401,-0.012119446495838293,0.012119446495838293
ETHUSDT,global_kl,cvar99,808,0.1537130220920154,0.1543132258093199,-0.0006002037173044872,0.0006002037173044872
ETHUSDT,global_kl,cvar99,909,0.132800385881283,0.1392898334028501,-0.006489447521567077,0.006489447521567077
ETHUSDT,global_kl,cvar99,1001,0.1231378482361983,0.1278933952099218,-0.00475554697372349,0.00475554697372349
ETHUSDT,global_kl,cvar99,1111,0.1335879144013955,0.1519133954339115,-0.018325481032515994,0.018325481032515994
ETHUSDT,global_kl,cvar99,1212,0.1258133227238651,0.1324520566096393,-0.006638733885774184,0.006638733885774184
ETHUSDT,global_kl,cvar99,1313,0.1722562211969822,0.1696758224987999,0.0025803986981823013,-0.0025803986981823013
ETHUSDT,global_kl,cvar99,1414,0.1316618485635215,0.1408080125328105,-0.009146163969288995,0.009146163969288995
ETHUSDT,global_kl,cvar99,1515,0.1289205602586162,0.1320468372095203,-0.003126276950904089,0.003126276950904089
ETHUSDT,global_kl,exceedance_rate,101,0.0464,0.05855,-0.012150000000000001,0.012150000000000001
ETHUSDT,global_kl,exceedance_rate,202,0.04305,0.0571,-0.01405,0.01405
ETHUSDT,global_kl,exceedance_rate,303,0.0451,0.05815,-0.013049999999999999,0.013049999999999999
ETHUSDT,global_kl,exceedance_rate,404,0.0461,0.05815,-0.012049999999999998,0.012049999999999998
ETHUSDT,global_kl,exceedance_rate,505,0.0467,0.05945,-0.012750000000000004,0.012750000000000004
ETHUSDT,global_kl,exceedance_rate,606,0.046,0.06025,-0.014249999999999999,0.014249999999999999
ETHUSDT,global_kl,exceedance_rate,707,0.05095,0.061,-0.010049999999999996,0.010049999999999996
ETHUSDT,global_kl,exceedance_rate,808,0.04665,0.0604,-0.013750000000000005,0.013750000000000005
ETHUSDT,global_kl,exceedance_rate,909,0.04795,0.06035,-0.012400000000000001,0.012400000000000001
ETHUSDT,global_kl,exceedance_rate,1001,0.04365,0.05815,-0.014499999999999999,0.014499999999999999
ETHUSDT,global_kl,exceedance_rate,1111,0.04845,0.06425,-0.0158,0.0158
ETHUSDT,global_kl,exceedance_rate,1212,0.0445,0.05635,-0.01185,0.01185
ETHUSDT,global_kl,exceedance_rate,1313,0.0491,0.06195,-0.01285,0.01285
ETHUSDT,global_kl,exceedance_rate,1414,0.0468,0.06075,-0.013949999999999997,0.013949999999999997
ETHUSDT,global_kl,exceedance_rate,1515,0.0459,0.0582,-0.012299999999999998,0.012299999999999998
ETHUSDT,global_kl,mean_excess_given_exceedance,101,0.0281535708339261,0.0303722321074421,-0.0022186612735159983,0.0022186612735159983
ETHUSDT,global_kl,mean_excess_given_exceedance,202,0.0330023996656171,0.0326242956220748,0.0003781040435422989,-0.0003781040435422989
ETHUSDT,global_kl,mean_excess_given_exceedance,303,0.0315454910741946,0.0311089169854984,0.0004365740886961983,-0.0004365740886961983
ETHUSDT,global_kl,mean_excess_given_exceedance,404,0.0300975252650647,0.0312666587680645,-0.0011691335029997973,0.0011691335029997973
ETHUSDT,global_kl,mean_excess_given_exceedance,505,0.0342197277378208,0.0332685572190242,0.0009511705187966041,-0.0009511705187966041
ETHUSDT,global_kl,mean_excess_given_exceedance,606,0.0294463279889153,0.0314679224561755,-0.002021594467260201,0.002021594467260201
ETHUSDT,global_kl,mean_excess_given_exceedance,707,0.0301240470559644,0.0324827697596583,-0.0023587227036939024,0.0023587227036939024
ETHUSDT,global_kl,mean_excess_given_exceedance,808,0.0348665166027203,0.0336538636246041,0.0012126529781162007,-0.0012126529781162007
ETHUSDT,global_kl,mean_excess_given_exceedance,909,0.0300052950458451,0.0306760569547332,-0.0006707619088880991,0.0006707619088880991
ETHUSDT,global_kl,mean_excess_given_exceedance,1001,0.0287614913834451,0.0288523426929672,-9.085130952210183e-05,9.085130952210183e-05
ETHUSDT,global_kl,mean_excess_given_exceedance,1111,0.0297886037837015,0.0315876022297218,-0.0017989984460203036,0.0017989984460203036
ETHUSDT,global_kl,mean_excess_given_exceedance,1212,0.0291888653376299,0.0300111180716943,-0.0008222527340643986,0.0008222527340643986
ETHUSDT,global_kl,mean_excess_given_exceedance,1313,0.0384171072665204,0.0361622102565798,0.0022548970099406027,-0.0022548970099406027
ETHUSDT,global_kl,mean_excess_given_exceedance,1414,0.0296602846643773,0.0308614428831997,-0.001201158218822402,0.001201158218822402
ETHUSDT,global_kl,mean_excess_given_exceedance,1515,0.0288489780076762,0.0296984210933277,-0.0008494430856514981,0.0008494430856514981
ETHUSDT,global_kl,completion,101,1.0,0.9999999999999998,2.220446049250313e-16,2.220446049250313e-16
ETHUSDT,global_kl,completion,202,1.0,0.9999999999999998,2.220446049250313e-16,2.220446049250313e-16
ETHUSDT,global_kl,completion,303,1.0,0.9999999999999998,2.220446049250313e-16,2.220446049250313e-16
ETHUSDT,global_kl,completion,404,1.0,0.9999999999999998,2.220446049250313e-16,2.220446049250313e-16
ETHUSDT,global_kl,completion,505,1.0,0.9999999999999998,2.220446049250313e-16,2.220446049250313e-16
ETHUSDT,global_kl,completion,606,1.0,0.9999999999999998,2.220446049250313e-16,2.220446049250313e-16
ETHUSDT,global_kl,completion,707,1.0,0.9999999999999998,2.220446049250313e-16,2.220446049250313e-16
ETHUSDT,global_kl,completion,808,1.0,0.9999999999999998,2.220446049250313e-16,2.220446049250313e-16
ETHUSDT,global_kl,completion,909,1.0,0.9999999999999998,2.220446049250313e-16,2.220446049250313e-16
ETHUSDT,global_kl,completion,1001,1.0,0.9999999999999998,2.220446049250313e-16,2.220446049250313e-16
ETHUSDT,global_kl,completion,1111,1.0,0.9999999999999998,2.220446049250313e-16,2.220446049250313e-16
ETHUSDT,global_kl,completion,1212,1.0,0.9999999999999998,2.220446049250313e-16,2.220446049250313e-16
ETHUSDT,global_kl,completion,1313,1.0,0.9999999999999998,2.220446049250313e-16,2.220446049250313e-16
ETHUSDT,global_kl,completion,1414,1.0,0.9999999999999998,2.220446049250313e-16,2.220446049250313e-16
ETHUSDT,global_kl,completion,1515,1.0,0.9999999999999998,2.220446049250313e-16,2.220446049250313e-16
