symbol,split,grid_seconds,K,depth_fraction,full_fill_fraction,levels_used_mean,shortfall_bps_mean,shortfall_bps_p95,shortfall_bps_p99
BTCUSDT,test,1,1,0.01,1.0,1.0,0.0006319668854784761,0.00045598996901015685,0.00045677949989173845
BTCUSDT,test,1,1,0.025,1.0,1.0,0.0006319668854788291,0.00045598996901015685,0.0004567794999183265
BTCUSDT,test,1,1,0.05,1.0,1.0,0.0006319668854788291,0.00045598996901015685,0.0004567794999183265
BTCUSDT,test,1,1,0.1,1.0,1.0,0.0006319668854788291,0.00045598996901015685,0.0004567794999183265
BTCUSDT,test,1,1,0.2,1.0,1.0,0.0006319668854788291,0.00045598996901015685,0.0004567794999183265
BTCUSDT,test,1,1,0.4,1.0,1.0,0.0006319668854788291,0.00045598996901015685,0.0004567794999183265
BTCUSDT,test,1,5,0.01,1.0,1.0009452300706783,0.0006614355588485731,0.00045598996901015685,0.0004567795012211418
BTCUSDT,test,1,5,0.025,1.0,1.0022801244307216,0.0006900940623901916,0.00045598996901015685,0.00045677951084327706
BTCUSDT,test,1,5,0.05,1.0,1.00438663292768,0.0007331953962051314,0.00045601729223559084,0.0004567964912363055
BTCUSDT,test,1,5,0.1,1.0,1.00791677142427,0.0007987336840322735,0.00045604083226400403,0.000456827827768115
BTCUSDT,test,1,5,0.2,1.0,1.0155711962318514,0.0009046592091635494,0.0004561128439693784,0.00045687028092694166
BTCUSDT,test,1,5,0.4,1.0,1.0366285797987702,0.001118490023698593,0.0004562809598891975,0.0006719397582704556
BTCUSDT,test,1,10,0.01,1.0,1.004560250245736,0.0007343055720629441,0.0004559899703372623,0.00045677950124772983
BTCUSDT,test,1,10,0.025,1.0,1.012353569479341,0.0008729040691118644,0.0004560202035789663,0.00045681873032228084
BTCUSDT,test,1,10,0.05,1.0,1.0250852294419037,0.001098304714674679,0.00045606749599239337,0.0004568421040536114
BTCUSDT,test,1,10,0.1,1.0,1.0471187342930648,0.0014775799631970893,0.00045613772678241383,0.0004569069775173016
BTCUSDT,test,1,10,0.2,1.0,1.090904084079502,0.002121667288703281,0.00045641061845296546,0.0065925358656974565
BTCUSDT,test,1,10,0.4,1.0,1.2073524873564876,0.00355701561174821,0.00045669226149638165,0.05725658331751718
BTCUSDT,test,5,1,0.01,1.0,1.0,0.0006633731620529218,0.00045598996901015685,0.00045677949989173845
BTCUSDT,test,5,1,0.025,1.0,1.0,0.0006633731620537094,0.00045598996901015685,0.0004567795012211418
BTCUSDT,test,5,1,0.05,1.0,1.0,0.0006633731620537094,0.00045598996901015685,0.0004567795012211418
BTCUSDT,test,5,1,0.1,1.0,1.0,0.0006633731620537094,0.00045598996901015685,0.0004567795012211418
BTCUSDT,test,5,1,0.2,1.0,1.0,0.0006633731620537094,0.00045598996901015685,0.0004567795012211418
BTCUSDT,test,5,1,0.4,1.0,1.0,0.0006633731620537094,0.00045598996901015685,0.0004567795012211418
BTCUSDT,test,5,5,0.01,1.0,1.0008873970330072,0.0007124372444578366,0.00045598996901015685,0.0004567795012211418
BTCUSDT,test,5,5,0.025,1.0,1.0021799101028224,0.0007513414299334572,0.0004559899703372623,0.00045678036493912775
BTCUSDT,test,5,5,0.05,1.0,1.0042054902868607,0.0008096009860876939,0.0004560139618042862,0.00045679960626780557
BTCUSDT,test,5,5,0.1,1.0,1.0084495630534176,0.0009128146808662006,0.0004560394609719936,0.000456827827768115
BTCUSDT,test,5,5,0.2,1.0,1.0163010976715474,0.0010766012960399466,0.0004561144250707032,0.0004568713649982073
BTCUSDT,test,5,5,0.4,1.0,1.0385246059764262,0.0013380009440303391,0.00045628096108435467,0.0006731601115612134
BTCUSDT,test,5,10,0.01,1.0,1.0047263537627564,0.0008088342970282702,0.00045598996914286737,0.0004567795012211418
BTCUSDT,test,5,10,0.025,1.0,1.012770800779366,0.0009897588533642574,0.0004560201203972111,0.0004568276660257347
BTCUSDT,test,5,10,0.05,1.0,1.0239018461716534,0.0012478697795763347,0.00045605089971833954,0.0004568337927907569
BTCUSDT,test,5,10,0.1,1.0,1.0466462179524278,0.0016176209356264521,0.00045613649209485315,0.00045693205012025913
BTCUSDT,test,5,10,0.2,1.0,1.0888361594999711,0.0022677691265829197,0.0004564187843363576,0.009213596758724307
BTCUSDT,test,5,10,0.4,1.0,1.2077859444026469,0.003746990535542012,0.00045670706896269427,0.059232869341449806
BTCUSDT,test,10,1,0.01,1.0,1.0,0.0006798803140063819,0.00045598996901015685,0.00045677727788410246
BTCUSDT,test,10,1,0.025,1.0,1.0,0.0006798803140093743,0.00045598996901015685,0.00045677727788410246
BTCUSDT,test,10,1,0.05,1.0,1.0,0.0006798803140093743,0.00045598996901015685,0.00045677727788410246
BTCUSDT,test,10,1,0.1,1.0,1.0,0.0006798803140093743,0.00045598996901015685,0.00045677727788410246
BTCUSDT,test,10,1,0.2,1.0,1.0,0.0006798803140093743,0.00045598996901015685,0.00045677727788410246
BTCUSDT,test,10,1,0.4,1.0,1.0,0.0006798803140093743,0.00045598996901015685,0.00045677727788410246
BTCUSDT,test,10,5,0.01,1.0,1.0009646178184204,0.0007576048139247899,0.00045598996901015685,0.0004567786925071511
BTCUSDT,test,10,5,0.025,1.0,1.002430836902419,0.0008164487929995015,0.0004559899703372623,0.00045677950204537184
BTCUSDT,test,10,5,0.05,1.0,1.0047073349538913,0.0008876734865235582,0.00045600632942737157,0.0004567975729865973
BTCUSDT,test,10,5,0.1,1.0,1.0090288227804145,0.0010396945217259457,0.0004560344809884444,0.00045682949730753355
BTCUSDT,test,10,5,0.2,1.0,1.0175174595825134,0.0012399055239928202,0.00045611300207951084,0.0004568713649982073
BTCUSDT,test,10,5,0.4,1.0,1.0383917891731296,0.001538382197280042,0.0004562809181179432,0.0007093414507305375
BTCUSDT,test,10,10,0.01,1.0,1.003935640699155,0.000827777908804569,0.00045598996901015685,0.0004567795012211418
BTCUSDT,test,10,10,0.025,1.0,1.013658988308832,0.0010522447583214579,0.00045602145952557257,0.000456827827768115
BTCUSDT,test,10,10,0.05,1.0,1.0247713855770344,0.0013650331982596367,0.00045605100357705956,0.00045683803439557
BTCUSDT,test,10,10,0.1,1.0,1.0460701470077556,0.001754054793777064,0.0004561377374944443,0.0004569444352352705
BTCUSDT,test,10,10,0.2,1.0,1.0862368329667786,0.0023930661321646426,0.00045641085056624285,0.01010167849476638
BTCUSDT,test,10,10,0.4,1.0,1.2061195354400587,0.003978080269118407,0.00045670466731588684,0.06103478717343444
BTCUSDT,test,30,1,0.01,1.0,1.0,0.0006152562629838666,0.00045598996901015685,0.0004567542318663762
BTCUSDT,test,30,1,0.025,1.0,1.0,0.0006152562629880839,0.00045598996901015685,0.0004567542318663762
BTCUSDT,test,30,1,0.05,1.0,1.0,0.0006152562629880839,0.00045598996901015685,0.0004567542318663762
BTCUSDT,test,30,1,0.1,1.0,1.0,0.0006152562629880839,0.00045598996901015685,0.0004567542318663762
BTCUSDT,test,30,1,0.2,1.0,1.0,0.0006152562629880839,0.00045598996901015685,0.0004567542318663762
BTCUSDT,test,30,1,0.4,1.0,1.0,0.0006152562629880839,0.00045598996901015685,0.0004567542318663762
BTCUSDT,test,30,5,0.01,1.0,1.0011578094245686,0.0006415025961256704,0.00045598996901015685,0.0004567542318663762
BTCUSDT,test,30,5,0.025,1.0,1.0024313997915943,0.000663855488176376,0.0004559904721986905,0.0004567611122710358
BTCUSDT,test,30,5,0.05,1.0,1.0050943614681023,0.0007223371222010152,0.0004560053715572312,0.000456827827768115
BTCUSDT,test,30,5,0.1,1.0,1.0096098182239204,0.0008107544087117791,0.00045605089852378505,0.0004568314590319438
BTCUSDT,test,30,5,0.2,1.0,1.0148199606344797,0.0009306445774195008,0.0004560710333056921,0.000456843389691057
BTCUSDT,test,30,5,0.4,1.0,1.0368183397012851,0.0011896882884968364,0.00045628092360974136,0.0006304294605145684
BTCUSDT,test,30,10,0.01,1.0,1.0048627995831885,0.000708928852127244,0.00045598996914286737,0.0004567542318663762
BTCUSDT,test,30,10,0.025,1.0,1.0145883987495659,0.0008937805905596649,0.0004560175737245671,0.0004568295159650384
BTCUSDT,test,30,10,0.05,1.0,1.025124464513141,0.0011642156487602412,0.0004560710333056921,0.000456843389691057
BTCUSDT,test,30,10,0.1,1.0,1.046080815097835,0.0015047033203179601,0.0004561401789584602,0.00045699921233910613
BTCUSDT,test,30,10,0.2,1.0,1.0840569642236888,0.002059019196568717,0.00045641541381489636,0.00757164336210103
BTCUSDT,test,30,10,0.4,1.0,1.2022693064721546,0.0035519916114795844,0.0004567336147109853,0.05564626485648455
BTCUSDT,train,1,1,0.01,1.0,1.0,0.0005728647759692856,0.0005289259280660328,0.0005305606928384863
BTCUSDT,train,1,1,0.025,1.0,1.0,0.0005728647759680538,0.0005289259282199706,0.0005305606928384863
BTCUSDT,train,1,1,0.05,1.0,1.0,0.0005728647759680538,0.0005289259282199706,0.0005305606928384863
BTCUSDT,train,1,1,0.1,1.0,1.0,0.0005728647759680538,0.0005289259282199706,0.0005305606928384863
BTCUSDT,train,1,1,0.2,1.0,1.0,0.0005728647759680538,0.0005289259282199706,0.0005305606928384863
BTCUSDT,train,1,1,0.4,1.0,1.0,0.0005728647759680538,0.0005289259282199706,0.0005305606928384863
BTCUSDT,train,1,5,0.01,1.0,1.0015476369600838,0.0006046890529437496,0.000528926431639259,0.0005305710077774686
BTCUSDT,train,1,5,0.025,1.0,1.003454074369247,0.0006278780393694152,0.0005289357758942083,0.0005305824881446488
BTCUSDT,train,1,5,0.05,1.0,1.005663094645606,0.0006573625973706074,0.0005289484203991813,0.0005305865916412699
BTCUSDT,train,1,5,0.1,1.0,1.0092742475524683,0.0007017582583420383,0.0005289886007827971,0.0005306092269553837
BTCUSDT,train,1,5,0.2,1.0,1.015770685176581,0.0007731677629691647,0.0005291347076231797,0.0006062376647648321
BTCUSDT,train,1,5,0.4,1.0,1.0324094359557734,0.000903198698978297,0.0005294478081370741,0.0014589638784166454
BTCUSDT,train,1,10,0.01,1.0,1.005605223605432,0.0006664849759640974,0.0005289357758942083,0.000530582817727326
BTCUSDT,train,1,10,0.025,1.0,1.0119793053160338,0.0007518792137853354,0.0005289672786770167,0.00053060691828698
BTCUSDT,train,1,10,0.05,1.0,1.0208434952124115,0.0008618988929904192,0.0005290763152539963,0.0005306210537016218
BTCUSDT,train,1,10,0.1,1.0,1.0361429447761465,0.0010475952580646924,0.000529139751741374,0.0007995668485226587
BTCUSDT,train,1,10,0.2,1.0,1.0646088827086293,0.001364757637206452,0.0005296019520751024,0.016735191951467877
BTCUSDT,train,1,10,0.4,1.0,1.1407093005375393,0.0019669655078907717,0.000530054150295541,0.051226673411678636
BTCUSDT,train,5,1,0.01,1.0,1.0,0.0005630345756186339,0.0005289259336612862,0.0005305606943826212
BTCUSDT,train,5,1,0.025,1.0,1.0,0.0005630345756189179,0.0005289259336612862,0.0005305606928384863
BTCUSDT,train,5,1,0.05,1.0,1.0,0.0005630345756189179,0.0005289259336612862,0.0005305606928384863
BTCUSDT,train,5,1,0.1,1.0,1.0,0.0005630345756189179,0.0005289259336612862,0.0005305606928384863
BTCUSDT,train,5,1,0.2,1.0,1.0,0.0005630345756189179,0.0005289259336612862,0.0005305606928384863
BTCUSDT,train,5,1,0.4,1.0,1.0,0.0005630345756189179,0.0005289259336612862,0.0005305606928384863
BTCUSDT,train,5,5,0.01,1.0,1.0013724339206138,0.0005894846159992209,0.0005289273660647539,0.0005305709972868841
BTCUSDT,train,5,5,0.025,1.0,1.0032243929460203,0.0006118379861044901,0.0005289357758942083,0.0005305828192406413
BTCUSDT,train,5,5,0.05,1.0,1.0054814680082347,0.0006408011810489968,0.0005289672786770167,0.000530586593154596
BTCUSDT,train,5,5,0.1,1.0,1.0094582193083264,0.0006852248441237918,0.0005290530267897758,0.0005306139025467116
BTCUSDT,train,5,5,0.2,1.0,1.015543227534662,0.0007545832274764451,0.0005291371772422347,0.0006061942059586202
BTCUSDT,train,5,5,0.4,1.0,1.0319380255140427,0.0008769222116492752,0.000529500736896285,0.0014914224586102178
BTCUSDT,train,5,10,0.01,1.0,1.0054980033566758,0.0006404141975153738,0.0005289357758942083,0.0005305828192406413
BTCUSDT,train,5,10,0.025,1.0,1.0116739559994377,0.0007231038606189739,0.000528982507572083,0.00053060691828698
BTCUSDT,train,5,10,0.05,1.0,1.020470761370119,0.0008254330333358657,0.0005290935701987579,0.0005306210537016218
BTCUSDT,train,5,10,0.1,1.0,1.0359065091399138,0.001003235575367719,0.0005292125587120001,0.0006132962243318681
BTCUSDT,train,5,10,0.2,1.0,1.063694162195233,0.0013074631039176599,0.0005295961908587034,0.009897225479282686
BTCUSDT,train,5,10,0.4,1.0,1.1361107206931618,0.0018827289482326454,0.0005300502576461191,0.04754800334162383
BTCUSDT,train,10,1,0.01,1.0,1.0,0.0005676623094749345,0.0005289357758942083,0.0005305762053629159
BTCUSDT,train,10,1,0.025,1.0,1.0,0.0005676623094752468,0.0005289357758942083,0.0005305762053629159
BTCUSDT,train,10,1,0.05,1.0,1.0,0.0005676623094752468,0.0005289357758942083,0.0005305762053629159
BTCUSDT,train,10,1,0.1,1.0,1.0,0.0005676623094752468,0.0005289357758942083,0.0005305762053629159
BTCUSDT,train,10,1,0.2,1.0,1.0,0.0005676623094752468,0.0005289357758942083,0.0005305762053629159
BTCUSDT,train,10,1,0.4,1.0,1.0,0.0005676623094752468,0.0005289357758942083,0.0005305762053629159
BTCUSDT,train,10,5,0.01,1.0,1.001587485324029,0.0005960747182014919,0.0005289357758942083,0.000530580680312357
BTCUSDT,train,10,5,0.025,1.0,1.0035222330626892,0.0006191653196978992,0.0005289687354036837,0.000530599194736674
BTCUSDT,train,10,5,0.05,1.0,1.0055727349395598,0.0006445911179650118,0.000529015040799495,0.0005306092269553837
BTCUSDT,train,10,5,0.1,1.0,1.0097894928315116,0.000688912008434322,0.0005290935701987579,0.0005306210537016218
BTCUSDT,train,10,5,0.2,1.0,1.015511054520199,0.0007606112417914215,0.0005291371772422347,0.0006062526667996688
BTCUSDT,train,10,5,0.4,1.0,1.0317166338696608,0.0008809462682163224,0.0005294531010129952,0.0015687712864192118
BTCUSDT,train,10,10,0.01,1.0,1.005837315826898,0.0006545311509567614,0.0005289672786770167,0.000530586593154596
BTCUSDT,train,10,10,0.025,1.0,1.0113935144609991,0.0007289360875950874,0.0005290570184236323,0.0005306164498699193
BTCUSDT,train,10,10,0.05,1.0,1.0204223372414136,0.0008253713681067854,0.0005291024725012477,0.00053064252354456
BTCUSDT,train,10,10,0.1,1.0,1.0366940618127098,0.0010134685286134243,0.0005291824157090438,0.0013046817631200158
BTCUSDT,train,10,10,0.2,1.0,1.0650372893688094,0.0013267903031733733,0.0005296312481402541,0.012724633231945776
BTCUSDT,train,10,10,0.4,1.0,1.1386238486597324,0.0019304025220203945,0.0005300502562577359,0.054644797653844
BTCUSDT,train,30,1,0.01,1.0,1.0,0.0005640555382944203,0.0005289259336612862,0.0005305735981167107
BTCUSDT,train,30,1,0.025,1.0,1.0,0.0005640555382988372,0.0005289259336612862,0.0005305735977769869
BTCUSDT,train,30,1,0.05,1.0,1.0,0.0005640555382988372,0.0005289259336612862,0.0005305735977769869
BTCUSDT,train,30,1,0.1,1.0,1.0,0.0005640555382988372,0.0005289259336612862,0.0005305735977769869
BTCUSDT,train,30,1,0.2,1.0,1.0,0.0005640555382988372,0.0005289259336612862,0.0005305735977769869
BTCUSDT,train,30,1,0.4,1.0,1.0,0.0005640555382988372,0.0005289259336612862,0.0005305735977769869
BTCUSDT,train,30,5,0.01,1.0,1.001141269289932,0.0005714533406909698,0.0005289259336612862,0.0005305735981167107
BTCUSDT,train,30,5,0.025,1.0,1.0030268446385153,0.0005953142507677103,0.0005289357760481488,0.0005305843972936128
BTCUSDT,train,30,5,0.05,1.0,1.0048627995831887,0.0006166393118383597,0.0005289804218034794,0.0005306074261940287
BTCUSDT,train,30,5,0.1,1.0,1.0085347094725352,0.00065657087468949,0.0005289804218034794,0.0005306074261940287
BTCUSDT,train,30,5,0.2,1.0,1.0138440926909145,0.000732981425599237,0.0005291219072871422,0.0005358780979857062
BTCUSDT,train,30,5,0.4,1.0,1.029970723961693,0.0008492934087541068,0.0005292596204357954,0.0008907817524444272
BTCUSDT,train,30,10,0.01,1.0,1.0046146975636383,0.0006244226761880052,0.00052892696459157,0.0005305830301563058
BTCUSDT,train,30,10,0.025,1.0,1.0102714236093882,0.0007178968695203226,0.0005289357758942083,0.0005305843972936128
BTCUSDT,train,30,10,0.05,1.0,1.018061827023272,0.0008129929528236915,0.0005289804218034794,0.0005306074265337696
BTCUSDT,train,30,10,0.1,1.0,1.034436560313601,0.0009949139987090398,0.000529121907133143,0.0006065317191592966
BTCUSDT,train,30,10,0.2,1.0,1.06227360690716,0.001281998921151908,0.0005296303531800807,0.009872891886739853
BTCUSDT,train,30,10,0.4,1.0,1.127722919664566,0.0018174427242185107,0.000529869118629451,0.04058054244721348
BTCUSDT,validation,1,1,0.01,1.0,1.0,0.0005989341368811,0.00045320863684016933,0.00045413130911482746
BTCUSDT,validation,1,1,0.025,1.0,1.0,0.0005989341368803881,0.0004532086367047914,0.0004541313097456311
BTCUSDT,validation,1,1,0.05,1.0,1.0,0.0005989341368803881,0.0004532086367047914,0.0004541313097456311
BTCUSDT,validation,1,1,0.1,1.0,1.0,0.0005989341368803881,0.0004532086367047914,0.0004541313097456311
BTCUSDT,validation,1,1,0.2,1.0,1.0,0.0005989341368803881,0.0004532086367047914,0.0004541313097456311
BTCUSDT,validation,1,1,0.4,1.0,1.0,0.0005989341368803881,0.0004532086367047914,0.0004541313097456311
BTCUSDT,validation,1,5,0.01,1.0,1.0015798934631186,0.0006341043128732626,0.00045321657348427184,0.00045414799518955036
BTCUSDT,validation,1,5,0.025,1.0,1.0033218244990705,0.0006775972739263537,0.0004532247117872473,0.0004541764631435827
BTCUSDT,validation,1,5,0.05,1.0,1.006157531322921,0.0007384734450882077,0.00045322955193854823,0.0004542155510464628
BTCUSDT,validation,1,5,0.1,1.0,1.0101911721614751,0.0008365393197769023,0.0004532515440679977,0.00045432020653235987
BTCUSDT,validation,1,5,0.2,1.0,1.0187272146226092,0.001015544183046046,0.0004532863636582468,0.0006319918955460182
BTCUSDT,validation,1,5,0.4,1.0,1.0382820172714018,0.0013783887832767338,0.0004534053474932382,0.010986347328845916
BTCUSDT,validation,1,10,0.01,1.0,1.0064931857673076,0.0007614915477447506,0.0004532273998851773,0.00045419184490470626
BTCUSDT,validation,1,10,0.025,1.0,1.0147225239063697,0.0009484266621506565,0.0004532510337662202,0.00045430714750308005
BTCUSDT,validation,1,10,0.05,1.0,1.02552135980707,0.0012114073348739698,0.0004532759951508988,0.00048497732125152055
BTCUSDT,validation,1,10,0.1,1.0,1.0441212653754275,0.001655099430703252,0.0004533480491356231,0.010857694804142474
BTCUSDT,validation,1,10,0.2,1.0,1.0807423927695143,0.00248640107973532,0.00045349538459448353,0.05475978745491107
BTCUSDT,validation,1,10,0.4,1.0,1.1831289643642695,0.004290704744778972,0.0004540644530985422,0.13583598851294038
BTCUSDT,validation,5,1,0.01,1.0,1.0,0.000654217202173953,0.00045320907728061137,0.0004541367209712105
BTCUSDT,validation,5,1,0.025,1.0,1.0,0.0006542172021708104,0.00045320907667488854,0.0004541367209712105
BTCUSDT,validation,5,1,0.05,1.0,1.0,0.0006542172021708104,0.00045320907667488854,0.0004541367209712105
BTCUSDT,validation,5,1,0.1,1.0,1.0,0.0006542172021708104,0.00045320907667488854,0.0004541367209712105
BTCUSDT,validation,5,1,0.2,1.0,1.0,0.0006542172021708104,0.00045320907667488854,0.0004541367209712105
BTCUSDT,validation,5,1,0.4,1.0,1.0,0.0006542172021708104,0.00045320907667488854,0.0004541367209712105
BTCUSDT,validation,5,5,0.01,1.0,1.0014179061288269,0.000687948728587879,0.00045321590484829035,0.0004541542820463972
BTCUSDT,validation,5,5,0.025,1.0,1.0032409282944617,0.0007330516653655935,0.0004532224341455604,0.00045417401456651917
BTCUSDT,validation,5,5,0.05,1.0,1.0061056774118873,0.0007940818477304137,0.00045322923104036347,0.00045421077350061515
BTCUSDT,validation,5,5,0.1,1.0,1.0098385323224723,0.0008928825848188477,0.0004532419319929717,0.0004542952865125493
BTCUSDT,validation,5,5,0.2,1.0,1.0185485271138375,0.001079491094720658,0.000453287963020873,0.0005873174004445581
BTCUSDT,validation,5,5,0.4,1.0,1.0386885815151339,0.0014711653211827715,0.0004533990405614157,0.014975594637508065
BTCUSDT,validation,5,10,0.01,1.0,1.0068580357659587,0.0008286671156435864,0.00045322840602092583,0.0004542066735101625
BTCUSDT,validation,5,10,0.025,1.0,1.0152207882400601,0.0010340515059891375,0.000453251544196437,0.0004543386468787065
BTCUSDT,validation,5,10,0.05,1.0,1.024451646507321,0.0012995906226713244,0.00045327198903846126,0.00045477227742105015
BTCUSDT,validation,5,10,0.1,1.0,1.0417269517911916,0.001718126796212306,0.00045333730699333955,0.01003107683088508
BTCUSDT,validation,5,10,0.2,1.0,1.0764222466577926,0.0024530697803030925,0.0004534606103137963,0.05518301621396444
BTCUSDT,validation,5,10,0.4,1.0,1.1741709589675329,0.004125782285513208,0.00045402199183503227,0.134486628100904
BTCUSDT,validation,10,1,0.01,1.0,1.0,0.0006667808762350656,0.00045320414663190016,0.0004541253859629569
BTCUSDT,validation,10,1,0.025,1.0,1.0,0.0006667808762392056,0.0004532041459585015,0.00045412538636205053
BTCUSDT,validation,10,1,0.05,1.0,1.0,0.0006667808762392056,0.0004532041459585015,0.00045412538636205053
BTCUSDT,validation,10,1,0.1,1.0,1.0,0.0006667808762392056,0.0004532041459585015,0.00045412538636205053
BTCUSDT,validation,10,1,0.2,1.0,1.0,0.0006667808762392056,0.0004532041459585015,0.00045412538636205053
BTCUSDT,validation,10,1,0.4,1.0,1.0,0.0006667808762392056,0.0004532041459585015,0.00045412538636205053
BTCUSDT,validation,10,5,0.01,1.0,1.0011575413821046,0.0007018076842989987,0.00045321305457181446,0.0004541477514949079
BTCUSDT,validation,10,5,0.025,1.0,1.0022572056951038,0.0007364888037437378,0.0004532193035019379,0.00045416428344805155
BTCUSDT,validation,10,5,0.05,1.0,1.0045722884593125,0.0007864714484777315,0.0004532252133537792,0.000454194087229235
BTCUSDT,validation,10,5,0.1,1.0,1.0083342979511518,0.0008840405823695217,0.00045323582067787073,0.0004542526227804875
BTCUSDT,validation,10,5,0.2,1.0,1.0174788748697765,0.0010730517044934614,0.0004532817519967528,0.0005432791187817928
BTCUSDT,validation,10,5,0.4,1.0,1.0391827757842345,0.001514100512780474,0.00045339521748608133,0.015595821721233876
BTCUSDT,validation,10,10,0.01,1.0,1.0052668132885751,0.0008372589848102015,0.00045322404562156497,0.0004541804510478388
BTCUSDT,validation,10,10,0.025,1.0,1.0122120615812014,0.0010200971149353735,0.00045324042328136356,0.0004542282247889923
BTCUSDT,validation,10,10,0.05,1.0,1.019446695219354,0.001234493348373735,0.0004532610381714435,0.00045443228012762834
BTCUSDT,validation,10,10,0.1,1.0,1.0373307095728672,0.0016086983280368243,0.0004533109647899275,0.005812843630520239
BTCUSDT,validation,10,10,0.2,1.0,1.0736775089709458,0.0023668474039671996,0.00045344192757791493,0.04223288309288552
BTCUSDT,validation,10,10,0.4,1.0,1.1703900914457692,0.00404485219087182,0.0004540200108923752,0.12493740280559006
BTCUSDT,validation,30,1,0.01,1.0,1.0,0.000666702689213838,0.0004532124886421448,0.000454106660241172
BTCUSDT,validation,30,1,0.025,1.0,1.0,0.0006667026892213503,0.00045321248969736007,0.0004541066605319421
BTCUSDT,validation,30,1,0.05,1.0,1.0,0.0006667026892213503,0.00045321248969736007,0.0004541066605319421
BTCUSDT,validation,30,1,0.1,1.0,1.0,0.0006667026892213503,0.00045321248969736007,0.0004541066605319421
BTCUSDT,validation,30,1,0.2,1.0,1.0,0.0006667026892213503,0.00045321248969736007,0.0004541066605319421
BTCUSDT,validation,30,1,0.4,1.0,1.0,0.0006667026892213503,0.00045321248969736007,0.0004541066605319421
BTCUSDT,validation,30,5,0.01,1.0,1.0015630427231677,0.0007300109843445862,0.00045321756492984347,0.0004541297662164884
BTCUSDT,validation,30,5,0.025,1.0,1.0022577283779088,0.0007543559397749797,0.0004532247767251698,0.0004541353701149639
BTCUSDT,validation,30,5,0.05,1.0,1.0048627995831887,0.0008247828541586743,0.00045322847862034655,0.0004541811754176294
BTCUSDT,validation,30,5,0.1,1.0,1.0097255991663772,0.0009363829368229004,0.000453244893633276,0.0004543909809845686
BTCUSDT,validation,30,5,0.2,1.0,1.02257728377909,0.001188485095702511,0.0004532941378789971,0.004211848922535123
BTCUSDT,validation,30,5,0.4,1.0,1.042375824939215,0.0016590963412684001,0.0004534215396180559,0.025160444035138212
BTCUSDT,validation,30,10,0.01,1.0,1.0055574852379299,0.000881105270460155,0.000453229837866344,0.00045416888459207344
BTCUSDT,validation,30,10,0.025,1.0,1.0137200416811392,0.0010972359130984165,0.000453239907925921,0.0004542370110872825
BTCUSDT,validation,30,10,0.05,1.0,1.0178881556095867,0.001284553100388539,0.00045325229790478305,0.0004543182902372687
BTCUSDT,validation,30,10,0.1,1.0,1.0350816255644322,0.0016549389366145974,0.0004532915489736608,0.005257648771283726
BTCUSDT,validation,30,10,0.2,1.0,1.0748523792983675,0.0023903012283642312,0.0004534396097163805,0.04015212641488737
BTCUSDT,validation,30,10,0.4,1.0,1.1641194859326154,0.00392601903186157,0.00045405997597047245,0.1213596831118908
ETHUSDT,test,1,1,0.01,1.0,1.0,0.014549280302742577,0.01300391808080151,0.013025802811891496
ETHUSDT,test,1,1,0.025,1.0,1.0,0.014549280302743224,0.01300391808080151,0.013025802811891496
ETHUSDT,test,1,1,0.05,1.0,1.0,0.014549280302743224,0.01300391808080151,0.013025802811891496
ETHUSDT,test,1,1,0.1,1.0,1.0,0.014549280302743224,0.01300391808080151,0.013025802811891496
ETHUSDT,test,1,1,0.2,1.0,1.0,0.014549280302743224,0.01300391808080151,0.013025802811891496
ETHUSDT,test,1,1,0.4,1.0,1.0,0.014549280302743224,0.01300391808080151,0.013025802811891496
ETHUSDT,test,1,5,0.01,1.0,1.002442157895346,0.01468055750594833,0.013004087183703258,0.013025836747472373
ETHUSDT,test,1,5,0.025,1.0,1.0053665744588092,0.014771605847860268,0.01300425629218585,0.013026176101159042
ETHUSDT,test,1,5,0.05,1.0,1.0086034946392126,0.014884291965998213,0.013004256293368582,0.013026277911897777
ETHUSDT,test,1,5,0.1,1.0,1.0151159156934686,0.015066635889958213,0.013004594522346164,0.013027533692743374
ETHUSDT,test,1,5,0.2,1.0,1.0314664135773175,0.0154276006854523,0.01300581229779965,0.027737151204258497
ETHUSDT,test,1,5,0.4,1.0,1.0868374248158736,0.016363653956863244,0.015305700668046958,0.05654266000897227
ETHUSDT,test,1,10,0.01,1.0,1.0076698418577374,0.014857108406817027,0.01300425629218585,0.013026210036339183
ETHUSDT,test,1,10,0.025,1.0,1.0186267587973628,0.015190435239208685,0.013004256293368582,0.01302661728622601
ETHUSDT,test,1,10,0.05,1.0,1.0350582761374554,0.015688522385395313,0.013005101901759823,0.023074330236290925
ETHUSDT,test,1,10,0.1,1.0,1.0696458678148282,0.01666522069817716,0.013006725778183662,0.05023821176744033
ETHUSDT,test,1,10,0.2,1.0,1.145962337527055,0.01853333865671709,0.013014275358924968,0.1051482322873069
ETHUSDT,test,1,10,0.4,1.0,1.405139719981327,0.02345567801201044,0.05604924737668178,0.18507371521858035
ETHUSDT,test,5,1,0.01,1.0,1.0,0.014492962137113449,0.013004087182520543,0.013025802811891496
ETHUSDT,test,5,1,0.025,1.0,1.0,0.014492962137109438,0.013004087182638815,0.013025802811891496
ETHUSDT,test,5,1,0.05,1.0,1.0,0.014492962137109438,0.013004087182638815,0.013025802811891496
ETHUSDT,test,5,1,0.1,1.0,1.0,0.014492962137109438,0.013004087182638815,0.013025802811891496
ETHUSDT,test,5,1,0.2,1.0,1.0,0.014492962137109438,0.013004087182638815,0.013025802811891496
ETHUSDT,test,5,1,0.4,1.0,1.0,0.014492962137109438,0.013004087182638815,0.013025802811891496
ETHUSDT,test,5,5,0.01,1.0,1.0023342400216062,0.01457525027272226,0.013004087183703258,0.013025802811891496
ETHUSDT,test,5,5,0.025,1.0,1.005247217238652,0.014657623595119448,0.013004127770670622,0.013025987418387454
ETHUSDT,test,5,5,0.05,1.0,1.0083531068541776,0.014754413136136573,0.013004256293368582,0.013026277910713044
ETHUSDT,test,5,5,0.1,1.0,1.0145263036055328,0.014916713678501262,0.013004256294551313,0.013841130512409774
ETHUSDT,test,5,5,0.2,1.0,1.0303258290410324,0.015239783561897488,0.01300581229779965,0.02929351441960921
ETHUSDT,test,5,5,0.4,1.0,1.0855566487258137,0.01614916717153267,0.014565109819342531,0.057694789041388715
ETHUSDT,test,5,10,0.01,1.0,1.0068098076663388,0.014746843439549934,0.013004127771616794,0.013025987417724021
ETHUSDT,test,5,10,0.025,1.0,1.0173621158631867,0.015022656068422971,0.013004256293368582,0.013026277911897777
ETHUSDT,test,5,10,0.05,1.0,1.033643922294886,0.015478964808717363,0.0130051357283829,0.02351172620500698
ETHUSDT,test,5,10,0.1,1.0,1.069352007253506,0.01644877608197366,0.013006390820485231,0.047805397902181204
ETHUSDT,test,5,10,0.2,1.0,1.1445685514208,0.018322869752290267,0.01301417373690062,0.10215942186179701
ETHUSDT,test,5,10,0.4,1.0,1.40220305959064,0.02335669994122103,0.05360242269820029,0.186827134550077
ETHUSDT,test,10,1,0.01,1.0,1.0,0.01464381156125623,0.013004087182520543,0.013025730193065146
ETHUSDT,test,10,1,0.025,1.0,1.0,0.014643811561249368,0.013004087182638815,0.013025730193065146
ETHUSDT,test,10,1,0.05,1.0,1.0,0.014643811561249368,0.013004087182638815,0.013025730193065146
ETHUSDT,test,10,1,0.1,1.0,1.0,0.014643811561249368,0.013004087182638815,0.013025730193065146
ETHUSDT,test,10,1,0.2,1.0,1.0,0.014643811561249368,0.013004087182638815,0.013025730193065146
ETHUSDT,test,10,1,0.4,1.0,1.0,0.014643811561249368,0.013004087182638815,0.013025730193065146
ETHUSDT,test,10,5,0.01,1.0,1.0020064050623143,0.014741768933369192,0.013004087183703258,0.013025802811441315
ETHUSDT,test,10,5,0.025,1.0,1.0050931820812592,0.01481737482413451,0.013004195414904286,0.013026150309291136
ETHUSDT,test,10,5,0.05,1.0,1.0079870355365204,0.014902883075127363,0.013004256293368582,0.013026277910713044
ETHUSDT,test,10,5,0.1,1.0,1.0139290812979898,0.015048622094139355,0.013004256294551313,0.016350902838839148
ETHUSDT,test,10,5,0.2,1.0,1.028784195701663,0.015362770710395811,0.013005582257277768,0.03219219911971667
ETHUSDT,test,10,5,0.4,1.0,1.0840375043407802,0.01628036252409652,0.0148094534750028,0.06015123631931272
ETHUSDT,test,10,10,0.01,1.0,1.0065208164525214,0.014927452695448555,0.01300408718382153,0.013025802811891496
ETHUSDT,test,10,10,0.025,1.0,1.0157039780838832,0.01517483852936661,0.013004256293368582,0.013026578597290459
ETHUSDT,test,10,10,0.05,1.0,1.0303661689238723,0.015581139863035618,0.013004922623983242,0.02376498742927782
ETHUSDT,test,10,10,0.1,1.0,1.063163174750164,0.016453441229279206,0.01300581568083152,0.04941858449827419
ETHUSDT,test,10,10,0.2,1.0,1.1397152448200023,0.018244838234361144,0.01301417373690062,0.09493021553682704
ETHUSDT,test,10,10,0.4,1.0,1.4024771385577033,0.023432770158717753,0.05296934115607768,0.19096005024978496
ETHUSDT,test,30,1,0.01,1.0,1.0,0.014920240066192659,0.01300410409466979,0.01302577634320038
ETHUSDT,test,30,1,0.025,1.0,1.0,0.01492024006619653,0.013004104094551518,0.01302577634320038
ETHUSDT,test,30,1,0.05,1.0,1.0,0.01492024006619653,0.013004104094551518,0.01302577634320038
ETHUSDT,test,30,1,0.1,1.0,1.0,0.01492024006619653,0.013004104094551518,0.01302577634320038
ETHUSDT,test,30,1,0.2,1.0,1.0,0.01492024006619653,0.013004104094551518,0.01302577634320038
ETHUSDT,test,30,1,0.4,1.0,1.0,0.01492024006619653,0.013004104094551518,0.01302577634320038
ETHUSDT,test,30,5,0.01,1.0,1.0021998379066805,0.015142365374715699,0.013004104094551518,0.013025776344124437
ETHUSDT,test,30,5,0.025,1.0,1.0045154567558179,0.015215650829790909,0.013004256293368582,0.01302584014037692
ETHUSDT,test,30,5,0.05,1.0,1.0070626374898692,0.015281698684611524,0.013004256293368582,0.013026198499260922
ETHUSDT,test,30,5,0.1,1.0,1.0142410559221953,0.015416076497643228,0.013004256293368582,0.014995982366511371
ETHUSDT,test,30,5,0.2,1.0,1.0287136737293041,0.01572614089570674,0.013005521365396755,0.03084299398780422
ETHUSDT,test,30,5,0.4,1.0,1.0808150978348963,0.016560937143849822,0.015581177861441057,0.0653279233923098
ETHUSDT,test,30,10,0.01,1.0,1.007294199374783,0.015246149088717067,0.013004104095734234,0.013025776344124437
ETHUSDT,test,30,10,0.025,1.0,1.0165566747713326,0.01545597462019522,0.013004256293368582,0.01302688744825551
ETHUSDT,test,30,10,0.05,1.0,1.0285978927868473,0.0158308669550811,0.013004922623983242,0.02851428131340358
ETHUSDT,test,30,10,0.1,1.0,1.0664582609702442,0.016806691950256688,0.013006725778301958,0.05239336254752312
ETHUSDT,test,30,10,0.2,1.0,1.1407896260275558,0.018550452139794713,0.013014275358924968,0.11091321978815079
ETHUSDT,test,30,10,0.4,1.0,1.4028018988074564,0.02362390623769592,0.05269653457709953,0.1948689337357873
ETHUSDT,train,1,1,0.01,1.0,1.0,0.021155380156452457,0.020794992566244067,0.020874605908777835
ETHUSDT,train,1,1,0.025,1.0,1.0,0.021155380156453272,0.020794992566244067,0.020874605908777835
ETHUSDT,train,1,1,0.05,1.0,1.0,0.021155380156453272,0.020794992566244067,0.020874605908777835
ETHUSDT,train,1,1,0.1,1.0,1.0,0.021155380156453272,0.020794992566244067,0.020874605908777835
ETHUSDT,train,1,1,0.2,1.0,1.0,0.021155380156453272,0.020794992566244067,0.020874605908777835
ETHUSDT,train,1,1,0.4,1.0,1.0,0.021155380156453272,0.020794992566244067,0.020874605908777835
ETHUSDT,train,1,5,0.01,1.0,1.0092677011413935,0.0216548649358932,0.020796808938090557,0.020879921658989702
ETHUSDT,train,1,5,0.025,1.0,1.0166901210325487,0.02210491577448234,0.02079862562727257,0.020888400379964558
ETHUSDT,train,1,5,0.05,1.0,1.0252931087270656,0.02256059174542498,0.02080606871457669,0.02787370979373116
ETHUSDT,train,1,5,0.1,1.0,1.0390201836633124,0.02320449962940375,0.020815423396573943,0.048393517489623145
ETHUSDT,train,1,5,0.2,1.0,1.0630301680509338,0.024221249955422273,0.02083329861165628,0.093381558063627
ETHUSDT,train,1,5,0.4,1.0,1.1287306932113985,0.026206434188906478,0.020867808690834617,0.14095073545218667
ETHUSDT,train,1,10,0.01,1.0,1.041305311190613,0.023268313383126887,0.020803921789488034,0.05393728118934821
ETHUSDT,train,1,10,0.025,1.0,1.0740141926186744,0.024994264431417428,0.02081603000884323,0.14855464310158165
ETHUSDT,train,1,10,0.05,1.0,1.1118206921001252,0.026890603924673056,0.020832942716112152,0.22736184380187943
ETHUSDT,train,1,10,0.1,1.0,1.176912677799935,0.029761718396447444,0.02085405705108782,0.3035452999785596
ETHUSDT,train,1,10,0.2,1.0,1.3021230049792731,0.03471649527067732,0.08447717656123209,0.3874997355132757
ETHUSDT,train,1,10,0.4,1.0,1.6666543384463357,0.045417761150898836,0.19135355454531708,0.4785833557175032
ETHUSDT,train,5,1,0.01,1.0,1.0,0.021146452879824962,0.020794992566244067,0.020875039923969513
ETHUSDT,train,5,1,0.025,1.0,1.0,0.0211464528798276,0.020794992566244067,0.020875039923969513
ETHUSDT,train,5,1,0.05,1.0,1.0,0.0211464528798276,0.020794992566244067,0.020875039923969513
ETHUSDT,train,5,1,0.1,1.0,1.0,0.0211464528798276,0.020794992566244067,0.020875039923969513
ETHUSDT,train,5,1,0.2,1.0,1.0,0.0211464528798276,0.020794992566244067,0.020875039923969513
ETHUSDT,train,5,1,0.4,1.0,1.0,0.0211464528798276,0.020794992566244067,0.020875039923969513
ETHUSDT,train,5,5,0.01,1.0,1.0097641232544874,0.021657185491039323,0.02079698194054306,0.02088027044171853
ETHUSDT,train,5,5,0.025,1.0,1.017254636098319,0.02212341406421899,0.020798798659951673,0.02088966230728337
ETHUSDT,train,5,5,0.05,1.0,1.0255140426446636,0.022576852497832138,0.020804371914904266,0.027872500924451704
ETHUSDT,train,5,5,0.1,1.0,1.0398336543946822,0.02322400795026484,0.02081907226931611,0.05105637572020347
ETHUSDT,train,5,5,0.2,1.0,1.0643473084586574,0.024258522673577924,0.020833211806751756,0.09917486760907313
ETHUSDT,train,5,5,0.4,1.0,1.1294800459682688,0.02627782886401262,0.020865892820710396,0.14782197826540922
ETHUSDT,train,5,10,0.01,1.0,1.0426115929327922,0.02331179965634495,0.020804371914904266,0.0446634392259082
ETHUSDT,train,5,10,0.025,1.0,1.075872446322125,0.0250544820323193,0.020816480656414692,0.12998857454428464
ETHUSDT,train,5,10,0.05,1.0,1.1149620100369566,0.027019607870567876,0.02083296875712779,0.23553463539436972
ETHUSDT,train,5,10,0.1,1.0,1.1783254652633668,0.02994625747586391,0.02276563336082858,0.30231271408004085
ETHUSDT,train,5,10,0.2,1.0,1.3049118252544376,0.03492039646931624,0.07629106327744929,0.4020815118956674
ETHUSDT,train,5,10,0.4,1.0,1.6685241374748867,0.04560761595975531,0.20535585548376867,0.48489368671839395
ETHUSDT,train,10,1,0.01,1.0,1.0,0.02115923655654354,0.020794992566244067,0.020875039923969513
ETHUSDT,train,10,1,0.025,1.0,1.0,0.021159236556542775,0.020794992566244067,0.020875039923969513
ETHUSDT,train,10,1,0.05,1.0,1.0,0.021159236556542775,0.020794992566244067,0.020875039923969513
ETHUSDT,train,10,1,0.1,1.0,1.0,0.021159236556542775,0.020794992566244067,0.020875039923969513
ETHUSDT,train,10,1,0.2,1.0,1.0,0.021159236556542775,0.020794992566244067,0.020875039923969513
ETHUSDT,train,10,1,0.4,1.0,1.0,0.021159236556542775,0.020794992566244067,0.020875039923969513
ETHUSDT,train,10,5,0.01,1.0,1.0096406660823838,0.02167051107374381,0.02079698194054306,0.020880324504170315
ETHUSDT,train,10,5,0.025,1.0,1.017230830287897,0.0221568322598516,0.02079862562727257,0.020888175236783157
ETHUSDT,train,10,5,0.05,1.0,1.0259454632645975,0.02263424000889555,0.020803644799022806,0.02787402057594286
ETHUSDT,train,10,5,0.1,1.0,1.0397036694061812,0.023276130618728623,0.02081513743588237,0.053253056661941106
ETHUSDT,train,10,5,0.2,1.0,1.0641608651795016,0.024300253216757394,0.02083042575352665,0.10244171122672902
ETHUSDT,train,10,5,0.4,1.0,1.130091115043077,0.026331362442714827,0.02086223622355613,0.14039286242057925
ETHUSDT,train,10,10,0.01,1.0,1.0410100375374134,0.02327831501273841,0.020804813402893203,0.04317714918779942
ETHUSDT,train,10,10,0.025,1.0,1.0740991847601409,0.02499615592422527,0.02081507677686504,0.11466458491972725
ETHUSDT,train,10,10,0.05,1.0,1.1140508987482016,0.026974465521331807,0.02083260419248442,0.23526199101090522
ETHUSDT,train,10,10,0.1,1.0,1.1781952276222447,0.029921572927535695,0.025143327371780842,0.28911399530398474
ETHUSDT,train,10,10,0.2,1.0,1.304383774577084,0.034947385252148605,0.07297826992220054,0.38179553485096246
ETHUSDT,train,10,10,0.4,1.0,1.6656359036264117,0.04551871520082606,0.207344887063949,0.46691715293777203
ETHUSDT,train,30,1,0.01,1.0,1.0,0.021246600614103734,0.020794058560352244,0.020875097446390187
ETHUSDT,train,30,1,0.025,1.0,1.0,0.02124660061410328,0.020794058560352244,0.020875097445972497
ETHUSDT,train,30,1,0.05,1.0,1.0,0.02124660061410328,0.020794058560352244,0.020875097445972497
ETHUSDT,train,30,1,0.1,1.0,1.0,0.02124660061410328,0.020794058560352244,0.020875097445972497
ETHUSDT,train,30,1,0.2,1.0,1.0,0.02124660061410328,0.020794058560352244,0.020875097445972497
ETHUSDT,train,30,1,0.4,1.0,1.0,0.02124660061410328,0.020794058560352244,0.020875097445972497
ETHUSDT,train,30,5,0.01,1.0,1.0083362278568948,0.02165888381517742,0.020797302017418473,0.020881632577021355
ETHUSDT,train,30,5,0.025,1.0,1.0161266312707784,0.02211440532847464,0.02080369673512658,0.020896227506430748
ETHUSDT,train,30,5,0.05,1.0,1.0229246266064607,0.022548637753496935,0.020808103508716643,0.027873865185872072
ETHUSDT,train,30,5,0.1,1.0,1.0337914950627698,0.02304922514449815,0.020816056007594265,0.04563539860710151
ETHUSDT,train,30,5,0.2,1.0,1.0590979010569146,0.023980269234488965,0.020835929143814887,0.0923714595397101
ETHUSDT,train,30,5,0.4,1.0,1.1258373443159828,0.026052515052249942,0.0208655793483952,0.15310839553243882
ETHUSDT,train,30,10,0.01,1.0,1.0359251724309035,0.022982582246229028,0.020809541091649626,0.03180433940268085
ETHUSDT,train,30,10,0.025,1.0,1.0648538679104849,0.024427984040245907,0.020816056007594265,0.10970179837840592
ETHUSDT,train,30,10,0.05,1.0,1.1005309383218378,0.026183423694209815,0.02083290799642167,0.18027475543415128
ETHUSDT,train,30,10,0.1,1.0,1.1631022676524587,0.028972503019500346,0.020851543680262822,0.2617501562136883
ETHUSDT,train,30,10,0.2,1.0,1.28809606510197,0.03384785087578615,0.06348521744070997,0.3497265141190753
ETHUSDT,train,30,10,0.4,1.0,1.653103756264576,0.04422034182320931,0.1806459648071052,0.4622588192625866
ETHUSDT,validation,1,1,0.01,1.0,1.0,0.013046174971675234,0.013025391422480399,0.013114910493960486
ETHUSDT,validation,1,1,0.025,1.0,1.0,0.013046174971675366,0.013025391422480399,0.013114910493960486
ETHUSDT,validation,1,1,0.05,1.0,1.0,0.013046174971675366,0.013025391422480399,0.013114910493960486
ETHUSDT,validation,1,1,0.1,1.0,1.0,0.013046174971675366,0.013025391422480399,0.013114910493960486
ETHUSDT,validation,1,1,0.2,1.0,1.0,0.013046174971675366,0.013025391422480399,0.013114910493960486
ETHUSDT,validation,1,1,0.4,1.0,1.0,0.013046174971675366,0.013025391422480399,0.013114910493960486
ETHUSDT,validation,1,5,0.01,1.0,1.0047627866063265,0.013253497480663168,0.013028466089922457,0.013125440781154466
ETHUSDT,validation,1,5,0.025,1.0,1.010052199678237,0.01340477955229553,0.013032161161294332,0.0148851094591756
ETHUSDT,validation,1,5,0.05,1.0,1.0182467389668863,0.013614255730554465,0.013038297982065551,0.02185934675517362
ETHUSDT,validation,1,5,0.1,1.0,1.032384634081413,0.013976923352767377,0.013052653149531687,0.035757301745529525
ETHUSDT,validation,1,5,0.2,1.0,1.0578131691339019,0.014607185720150241,0.01308215237234165,0.058520046035533936
ETHUSDT,validation,1,5,0.4,1.0,1.113583490549659,0.015787962263632098,0.017227750023080954,0.08904636321850684
ETHUSDT,validation,1,10,0.01,1.0,1.017135614995544,0.013634607183949543,0.013034585391318153,0.01891352271758545
ETHUSDT,validation,1,10,0.025,1.0,1.0379981249782984,0.014207734997949882,0.013047417671718058,0.035137239317920566
ETHUSDT,validation,1,10,0.05,1.0,1.0671940647461198,0.0150085932725707,0.013072001301260166,0.06581420633490392
ETHUSDT,validation,1,10,0.1,1.0,1.115684209307978,0.01632864054281164,0.013096412539230023,0.11601246710205756
ETHUSDT,validation,1,10,0.2,1.0,1.2052743666014654,0.018561131773227234,0.023628012560712553,0.17684126340932582
ETHUSDT,validation,1,10,0.4,1.0,1.43423534994618,0.023057835362652414,0.07045801317683474,0.24787836392848456
ETHUSDT,validation,5,1,0.01,1.0,1.0,0.01316683101474668,0.013024823627365154,0.013114915444366994
ETHUSDT,validation,5,1,0.025,1.0,1.0,0.013166831014745316,0.013024823627365154,0.013114915443854203
ETHUSDT,validation,5,1,0.05,1.0,1.0,0.013166831014745316,0.013024823627365154,0.013114915443854203
ETHUSDT,validation,5,1,0.1,1.0,1.0,0.013166831014745316,0.013024823627365154,0.013114915443854203
ETHUSDT,validation,5,1,0.2,1.0,1.0,0.013166831014745316,0.013024823627365154,0.013114915443854203
ETHUSDT,validation,5,1,0.4,1.0,1.0,0.013166831014745316,0.013024823627365154,0.013114915443854203
ETHUSDT,validation,5,5,0.01,1.0,1.0041379709473928,0.013294554893286509,0.013027617010201418,0.013122211688078311
ETHUSDT,validation,5,5,0.025,1.0,1.0092597951270328,0.013428481804181517,0.013031062424281795,0.01314039647882511
ETHUSDT,validation,5,5,0.05,1.0,1.0170727472654666,0.013647469245498502,0.013036251510873956,0.020451551365972216
ETHUSDT,validation,5,5,0.1,1.0,1.0312228716939638,0.01402874817750211,0.01305144101971497,0.03340113755678569
ETHUSDT,validation,5,5,0.2,1.0,1.0559060130794606,0.014682853262217549,0.013081010618789156,0.054611700510946645
ETHUSDT,validation,5,5,0.4,1.0,1.1095838879564788,0.015881540908564307,0.01653387137292409,0.0887425487403983
ETHUSDT,validation,5,10,0.01,1.0,1.0177093581804502,0.013704003774279529,0.013034155536097465,0.016393952808637986
ETHUSDT,validation,5,10,0.025,1.0,1.0368655593494993,0.014260470104848929,0.013045801518105749,0.030942187032351326
ETHUSDT,validation,5,10,0.05,1.0,1.0664100931766884,0.015061711852471925,0.013067906621279771,0.06619369468962516
ETHUSDT,validation,5,10,0.1,1.0,1.1117830892991494,0.01634151901512665,0.013093996443844463,0.11878149240324101
ETHUSDT,validation,5,10,0.2,1.0,1.2003877539209444,0.018593752726065012,0.022308107489670083,0.18304200707290705
ETHUSDT,validation,5,10,0.4,1.0,1.4260373864228253,0.02307735067047363,0.06810714235504998,0.24887637892107287
ETHUSDT,validation,10,1,0.01,1.0,1.0,0.013140107331924002,0.013024819583431546,0.013112798623829178
ETHUSDT,validation,10,1,0.025,1.0,1.0,0.013140107331919861,0.013024819583366284,0.013112798623829178
ETHUSDT,validation,10,1,0.05,1.0,1.0,0.013140107331919861,0.013024819583366284,0.013112798623829178
ETHUSDT,validation,10,1,0.1,1.0,1.0,0.013140107331919861,0.013024819583366284,0.013112798623829178
ETHUSDT,validation,10,1,0.2,1.0,1.0,0.013140107331919861,0.013024819583366284,0.013112798623829178
ETHUSDT,validation,10,1,0.4,1.0,1.0,0.013140107331919861,0.013024819583366284,0.013112798623829178
ETHUSDT,validation,10,5,0.01,1.0,1.0037620094918394,0.013277630490300944,0.013027679357097578,0.013121185190770407
ETHUSDT,validation,10,5,0.025,1.0,1.0090866998495196,0.01341446868172563,0.013030879189870847,0.013143573340704574
ETHUSDT,validation,10,5,0.05,1.0,1.0167264729714087,0.01361824911232357,0.013037016317263969,0.020929049931746456
ETHUSDT,validation,10,5,0.1,1.0,1.030674846625767,0.013991709691968508,0.013050826116572182,0.033262654373564085
ETHUSDT,validation,10,5,0.2,1.0,1.0549832156499597,0.014614637984915184,0.013078844759468229,0.05209286034298101
ETHUSDT,validation,10,5,0.4,1.0,1.1075355943974996,0.015807325449147768,0.01571469855499235,0.08777987578103874
ETHUSDT,validation,10,10,0.01,1.0,1.0181155226299339,0.013706592194786735,0.013033995840826582,0.01614110072195022
ETHUSDT,validation,10,10,0.025,1.0,1.0372149554346568,0.014250773260125887,0.013045214163744967,0.028768615459629363
ETHUSDT,validation,10,10,0.05,1.0,1.0656904734344252,0.01500458032092137,0.013064120967260758,0.057436311725769976
ETHUSDT,validation,10,10,0.1,1.0,1.1116448663039704,0.016246717945470734,0.013093112001730583,0.11132615203190413
ETHUSDT,validation,10,10,0.2,1.0,1.1985183470309064,0.01850820351768384,0.021355541224487393,0.18248141946844398
ETHUSDT,validation,10,10,0.4,1.0,1.4183354554925338,0.02294502176869718,0.0672107990245546,0.24878307654316048
ETHUSDT,validation,30,1,0.01,1.0,1.0,0.013577698701372643,0.013025648666711204,0.013114853166811387
ETHUSDT,validation,30,1,0.025,1.0,1.0,0.013577698701381731,0.01302564866605855,0.013114853166811387
ETHUSDT,validation,30,1,0.05,1.0,1.0,0.013577698701381731,0.01302564866605855,0.013114853166811387
ETHUSDT,validation,30,1,0.1,1.0,1.0,0.013577698701381731,0.01302564866605855,0.013114853166811387
ETHUSDT,validation,30,1,0.2,1.0,1.0,0.013577698701381731,0.01302564866605855,0.013114853166811387
ETHUSDT,validation,30,1,0.4,1.0,1.0,0.013577698701381731,0.01302564866605855,0.013114853166811387
ETHUSDT,validation,30,5,0.01,1.0,1.003820771101077,0.013805502829648715,0.013028255774530262,0.013121903387608491
ETHUSDT,validation,30,5,0.025,1.0,1.0104202848211186,0.013973883851655527,0.013034476482994394,0.016675829213739952
ETHUSDT,validation,30,5,0.05,1.0,1.0187565126780131,0.01419482260822795,0.013043201156030311,0.02274869409292691
ETHUSDT,validation,30,5,0.1,1.0,1.0345606113233763,0.014661192532199222,0.013065495345238976,0.0346726107357154
ETHUSDT,validation,30,5,0.2,1.0,1.0602639805488017,0.015399773985284727,0.013087035469020573,0.0584097104966375
ETHUSDT,validation,30,5,0.4,1.0,1.112365404654394,0.016537633342094602,0.018506087656003964,0.09077297836557538
ETHUSDT,validation,30,10,0.01,1.0,1.0184091698506426,0.014140227669778007,0.013036294281367966,0.017911470493815248
ETHUSDT,validation,30,10,0.025,1.0,1.0380340395970822,0.014740110930423215,0.013051340790141114,0.029757855712191177
ETHUSDT,validation,30,10,0.05,1.0,1.061653351858284,0.015486236736383854,0.01307433782538785,0.05870042612231137
ETHUSDT,validation,30,10,0.1,1.0,1.1071552622438348,0.016668610164733998,0.01310710172031616,0.10820153176307007
ETHUSDT,validation,30,10,0.2,1.0,1.1978117401875652,0.018956889937753223,0.023577224523231646,0.17594401565009798
ETHUSDT,validation,30,10,0.4,1.0,1.4109065647794372,0.023289939026166835,0.0653682340239925,0.2411510882954141
