symbol,split,grid_seconds,n_grid,median_snapshot_age_ms,p99_snapshot_age_ms,spread_bps_median,rv_nonmissing_fraction
BTCUSDT,test,1,259196,85.592,385.46803,0.0009082041311674929,0.9996411981666277
BTCUSDT,test,5,51837,85.593,385.472,0.0009082007493576387,0.9995948839631922
BTCUSDT,test,10,25917,85.592,346.95828000007896,0.0009082041311674929,0.9995369834471582
BTCUSDT,test,30,8637,85.594,385.56451999999996,0.0009082057808399755,0.9989579715178881
BTCUSDT,train,1,604793,85.5,485.61902000000003,0.0010398446092361505,0.9996411995509208
BTCUSDT,train,5,120953,85.502,485.61432,0.0010398502319059753,0.9995948839631923
BTCUSDT,train,10,60473,85.509,485.60586,0.001039876724149282,0.9995369834471582
BTCUSDT,train,30,20153,85.512,486.0,0.0010398668855288251,0.9989579715178881
BTCUSDT,validation,1,172796,85.5115,285.45652,0.0008944686934896299,0.9996411953979936
BTCUSDT,validation,5,34558,85.5115,285.46294,0.0008944700055523568,0.9995948839631923
BTCUSDT,validation,10,17278,85.513,285.4226,0.0008944719101728587,0.9995369834471582
BTCUSDT,validation,30,5758,85.52000000000001,285.42285000000004,0.0008944922191156701,0.9989579715178881
ETHUSDT,test,1,259197,84.602,384.565,0.025823478447759833,0.9996411995509207
ETHUSDT,test,5,51837,84.605,384.566,0.02582354513431027,0.9995948839631922
ETHUSDT,test,10,25917,84.603,384.59148,0.025823478447759833,0.9995369834471582
ETHUSDT,test,30,8637,84.606,384.6644,0.025823278394872216,0.9989579715178881
ETHUSDT,train,1,604791,84.493,384.518,0.04083474383433458,0.9996411983643838
ETHUSDT,train,5,120953,84.492,384.50632,0.04083474383433458,0.9995948839631923
ETHUSDT,train,10,60473,84.497,384.58062,0.04083374337306434,0.9995369834471582
ETHUSDT,train,30,20153,84.499,384.50239999999997,0.04083224277307391,0.9989579715178881
ETHUSDT,validation,1,172798,84.5155,184.69051000000002,0.025178040965543304,0.9996411995509207
ETHUSDT,validation,5,34558,84.51650000000001,184.68899,0.025178170843054994,0.9995948839631923
ETHUSDT,validation,10,17278,84.518,234.39501,0.02517805492915061,0.9995369834471582
ETHUSDT,validation,30,5758,84.51849999999999,234.40357999999998,0.025178452674387522,0.9989579715178881
