asset,gamma,ec_err,cvar_err
BTCUSDT,0.0,1.3010426069826053e-17,4.85722573273506e-17
BTCUSDT,0.1,5.204170427930421e-18,1.3877787807814457e-17
BTCUSDT,0.2,3.2526065174565133e-18,2.0816681711721685e-17
BTCUSDT,0.3,8.413408858487514e-17,4.85722573273506e-17
BTCUSDT,0.4,9.73613550891983e-17,7.45931094670027e-17
BTCUSDT,0.5,4.4885969940899884e-17,3.2959746043559335e-17
BTCUSDT,0.6,6.23416249179165e-17,8.673617379884035e-17
BTCUSDT,0.7,6.071532165918825e-18,6.722053469410127e-17
BTCUSDT,0.8,7.37257477290143e-18,6.071532165918825e-17
BTCUSDT,0.9,7.26415455565288e-17,9.540979117872439e-18
BTCUSDT,1.0,7.047314121155779e-18,7.806255641895632e-17
ETHUSDT,0.0,5.551115123125783e-17,5.551115123125783e-17
ETHUSDT,0.1,2.0816681711721685e-17,5.551115123125783e-17
ETHUSDT,0.2,3.469446951953614e-17,8.326672684688674e-17
ETHUSDT,0.3,9.71445146547012e-17,0.0
ETHUSDT,0.4,6.591949208711867e-17,5.551115123125783e-17
ETHUSDT,0.5,3.8163916471489756e-17,7.632783294297951e-17
ETHUSDT,0.6,9.71445146547012e-17,0.0
ETHUSDT,0.7,4.5102810375396984e-17,1.3877787807814457e-17
ETHUSDT,0.8,3.469446951953614e-17,4.163336342344337e-17
ETHUSDT,0.9,7.632783294297951e-17,6.938893903907228e-17
ETHUSDT,1.0,7.632783294297951e-17,2.0816681711721685e-17
