symbol,spread_bin,depth_bin,imb_bin,n_train,eligible_cell,sampling_source
BTCUSDT,0,0,0,3416,True,symbol_spread_depth_imb_train_cell
BTCUSDT,0,0,1,3196,True,symbol_spread_depth_imb_train_cell
BTCUSDT,0,0,2,3236,True,symbol_spread_depth_imb_train_cell
BTCUSDT,0,1,0,5662,True,symbol_spread_depth_imb_train_cell
BTCUSDT,0,1,1,7816,True,symbol_spread_depth_imb_train_cell
BTCUSDT,0,1,2,4469,True,symbol_spread_depth_imb_train_cell
BTCUSDT,0,2,0,4668,True,symbol_spread_depth_imb_train_cell
BTCUSDT,0,2,1,3697,True,symbol_spread_depth_imb_train_cell
BTCUSDT,0,2,2,4162,True,symbol_spread_depth_imb_train_cell
BTCUSDT,1,0,0,5891,True,symbol_spread_depth_imb_train_cell
BTCUSDT,1,0,1,5429,True,symbol_spread_depth_imb_train_cell
BTCUSDT,1,0,2,5740,True,symbol_spread_depth_imb_train_cell
BTCUSDT,1,1,0,2821,True,symbol_spread_depth_imb_train_cell
BTCUSDT,1,1,1,2121,True,symbol_spread_depth_imb_train_cell
BTCUSDT,1,1,2,3343,True,symbol_spread_depth_imb_train_cell
BTCUSDT,1,2,0,4534,True,symbol_spread_depth_imb_train_cell
BTCUSDT,1,2,1,5606,True,symbol_spread_depth_imb_train_cell
BTCUSDT,1,2,2,4833,True,symbol_spread_depth_imb_train_cell
BTCUSDT,2,0,0,4237,True,symbol_spread_depth_imb_train_cell
BTCUSDT,2,0,1,4893,True,symbol_spread_depth_imb_train_cell
BTCUSDT,2,0,2,4280,True,symbol_spread_depth_imb_train_cell
BTCUSDT,2,1,0,4370,True,symbol_spread_depth_imb_train_cell
BTCUSDT,2,1,1,4853,True,symbol_spread_depth_imb_train_cell
BTCUSDT,2,1,2,4862,True,symbol_spread_depth_imb_train_cell
BTCUSDT,2,2,0,4719,True,symbol_spread_depth_imb_train_cell
BTCUSDT,2,2,1,2706,True,symbol_spread_depth_imb_train_cell
BTCUSDT,2,2,2,5393,True,symbol_spread_depth_imb_train_cell
ETHUSDT,0,0,0,6638,True,symbol_spread_depth_imb_train_cell
ETHUSDT,0,0,1,8534,True,symbol_spread_depth_imb_train_cell
ETHUSDT,0,0,2,6429,True,symbol_spread_depth_imb_train_cell
ETHUSDT,0,1,0,4145,True,symbol_spread_depth_imb_train_cell
ETHUSDT,0,1,1,2867,True,symbol_spread_depth_imb_train_cell
ETHUSDT,0,1,2,4779,True,symbol_spread_depth_imb_train_cell
ETHUSDT,0,2,0,2539,True,symbol_spread_depth_imb_train_cell
ETHUSDT,0,2,1,1051,True,symbol_spread_depth_imb_train_cell
ETHUSDT,0,2,2,3341,True,symbol_spread_depth_imb_train_cell
ETHUSDT,1,0,0,3192,True,symbol_spread_depth_imb_train_cell
ETHUSDT,1,0,1,4076,True,symbol_spread_depth_imb_train_cell
ETHUSDT,1,0,2,3191,True,symbol_spread_depth_imb_train_cell
ETHUSDT,1,1,0,4122,True,symbol_spread_depth_imb_train_cell
ETHUSDT,1,1,1,5803,True,symbol_spread_depth_imb_train_cell
ETHUSDT,1,1,2,4078,True,symbol_spread_depth_imb_train_cell
ETHUSDT,1,2,0,6001,True,symbol_spread_depth_imb_train_cell
ETHUSDT,1,2,1,3680,True,symbol_spread_depth_imb_train_cell
ETHUSDT,1,2,2,6171,True,symbol_spread_depth_imb_train_cell
ETHUSDT,2,0,0,2361,True,symbol_spread_depth_imb_train_cell
ETHUSDT,2,0,1,3149,True,symbol_spread_depth_imb_train_cell
ETHUSDT,2,0,2,2748,True,symbol_spread_depth_imb_train_cell
ETHUSDT,2,1,0,4132,True,symbol_spread_depth_imb_train_cell
ETHUSDT,2,1,1,6238,True,symbol_spread_depth_imb_train_cell
ETHUSDT,2,1,2,4153,True,symbol_spread_depth_imb_train_cell
ETHUSDT,2,2,0,7188,True,symbol_spread_depth_imb_train_cell
ETHUSDT,2,2,1,4919,True,symbol_spread_depth_imb_train_cell
ETHUSDT,2,2,2,5428,True,symbol_spread_depth_imb_train_cell
