symbol,variable,edge_index,edge
BTCUSDT,_spread_x,0,-inf
BTCUSDT,_spread_x,1,0.0009779950616883892
BTCUSDT,_spread_x,2,0.0010668791884422106
BTCUSDT,_spread_x,3,inf
BTCUSDT,_total_depth,0,-inf
BTCUSDT,_total_depth,1,5.934253333333333
BTCUSDT,_total_depth,2,8.463843333333335
BTCUSDT,_total_depth,3,inf
BTCUSDT,_imb_x,0,-inf
BTCUSDT,_imb_x,1,-0.3778635904386142
BTCUSDT,_imb_x,2,0.42677918924358915
BTCUSDT,_imb_x,3,inf
ETHUSDT,_spread_x,0,-inf
ETHUSDT,_spread_x,1,0.03964800501057029
ETHUSDT,_spread_x,2,0.04531848699798233
ETHUSDT,_spread_x,3,inf
ETHUSDT,_total_depth,0,-inf
ETHUSDT,_total_depth,1,86.68473333333333
ETHUSDT,_total_depth,2,117.9943333333333
ETHUSDT,_total_depth,3,inf
ETHUSDT,_imb_x,0,-inf
ETHUSDT,_imb_x,1,-0.32878481419324296
ETHUSDT,_imb_x,2,0.4238927582024124
ETHUSDT,_imb_x,3,inf
