model,symbol,split,observable,n,spearman
M2_predictive_full,BTCUSDT,test,spread_bps,48395,0.2847557120656523
M2_predictive_full,BTCUSDT,test,bid_depth,48395,-0.14251596646983103
M2_predictive_full,BTCUSDT,test,ask_depth,48395,-0.1476363728849759
M2_predictive_full,BTCUSDT,test,rv_backward,48395,0.4919211938594912
M2_predictive_full,BTCUSDT,train,spread_bps,115410,0.23603569839493932
M2_predictive_full,BTCUSDT,train,bid_depth,115410,-0.0557419052428325
M2_predictive_full,BTCUSDT,train,ask_depth,115410,-0.12691604098912174
M2_predictive_full,BTCUSDT,train,rv_backward,115410,0.36027636508967736
M2_predictive_full,BTCUSDT,validation,spread_bps,34295,0.023939211118930978
M2_predictive_full,BTCUSDT,validation,bid_depth,34295,-0.061330646317678164
M2_predictive_full,BTCUSDT,validation,ask_depth,34295,-0.09659251565374895
M2_predictive_full,BTCUSDT,validation,rv_backward,34295,0.3125760578601998
M2_predictive_full,ETHUSDT,test,spread_bps,51200,0.09967685124178638
M2_predictive_full,ETHUSDT,test,bid_depth,51200,-0.09358650004999351
M2_predictive_full,ETHUSDT,test,ask_depth,51200,-0.08256172366669318
M2_predictive_full,ETHUSDT,test,rv_backward,51200,0.4349448906645521
M2_predictive_full,ETHUSDT,train,spread_bps,120642,0.05148794809020111
M2_predictive_full,ETHUSDT,train,bid_depth,120642,-0.006502356225736589
M2_predictive_full,ETHUSDT,train,ask_depth,120642,-0.10086567972952547
M2_predictive_full,ETHUSDT,train,rv_backward,120642,0.41074643769309854
M2_predictive_full,ETHUSDT,validation,spread_bps,34541,0.12109939677688039
M2_predictive_full,ETHUSDT,validation,bid_depth,34541,-0.007297914384591211
M2_predictive_full,ETHUSDT,validation,ask_depth,34541,-0.16058428611289965
M2_predictive_full,ETHUSDT,validation,rv_backward,34541,0.33459450063902946
M3_predictive_no_rv,BTCUSDT,test,spread_bps,48395,0.27462099108823795
M3_predictive_no_rv,BTCUSDT,test,bid_depth,48395,-0.1699192629832401
M3_predictive_no_rv,BTCUSDT,test,ask_depth,48395,-0.1212855106087782
M3_predictive_no_rv,BTCUSDT,test,rv_backward,48395,0.4495050497441163
M3_predictive_no_rv,BTCUSDT,train,spread_bps,115410,0.21909313447452147
M3_predictive_no_rv,BTCUSDT,train,bid_depth,115410,-0.09072838802933979
M3_predictive_no_rv,BTCUSDT,train,ask_depth,115410,-0.09974460802513081
M3_predictive_no_rv,BTCUSDT,train,rv_backward,115410,0.3072418987747364
M3_predictive_no_rv,BTCUSDT,validation,spread_bps,34295,0.02043649322973735
M3_predictive_no_rv,BTCUSDT,validation,bid_depth,34295,-0.10047354740483756
M3_predictive_no_rv,BTCUSDT,validation,ask_depth,34295,-0.06219857894683121
M3_predictive_no_rv,BTCUSDT,validation,rv_backward,34295,0.29448577368758916
M3_predictive_no_rv,ETHUSDT,test,spread_bps,51200,0.07204580972925725
M3_predictive_no_rv,ETHUSDT,test,bid_depth,51200,-0.1705169198524415
M3_predictive_no_rv,ETHUSDT,test,ask_depth,51200,-0.011961697680081058
M3_predictive_no_rv,ETHUSDT,test,rv_backward,51200,0.38164853781634167
M3_predictive_no_rv,ETHUSDT,train,spread_bps,120642,0.04364963274775644
M3_predictive_no_rv,ETHUSDT,train,bid_depth,120642,-0.10947049958074062
M3_predictive_no_rv,ETHUSDT,train,ask_depth,120642,-0.01051811553633251
M3_predictive_no_rv,ETHUSDT,train,rv_backward,120642,0.3074145050221302
M3_predictive_no_rv,ETHUSDT,validation,spread_bps,34541,0.08843966721471282
M3_predictive_no_rv,ETHUSDT,validation,bid_depth,34541,-0.13277900701387524
M3_predictive_no_rv,ETHUSDT,validation,ask_depth,34541,-0.051009651666065664
M3_predictive_no_rv,ETHUSDT,validation,rv_backward,34541,0.2812229342153954
