model,epoch,negative_elbo,train_global_log_normalizer
M1_iid_latent,1,3.998699480089648,0.09859561920166016
M1_iid_latent,2,3.8319332065253424,-0.05926322937011719
M1_iid_latent,3,3.818161199832785,-0.20762252807617188
M1_iid_latent,4,3.7989332511507232,-0.3480043411254883
M1_iid_latent,5,3.7833516721067757,-0.47951221466064453
M1_iid_latent,6,3.77375053537303,-0.6020221710205078
M1_iid_latent,7,3.7677149895963997,-0.7153501510620117
M1_iid_latent,8,3.7654345528832796,-0.8205728530883789
M1_iid_latent,9,3.7628249628790496,-0.9189777374267578
M1_iid_latent,10,3.760987614763194,-1.0107831954956055
M1_iid_latent,11,3.760273246929563,-1.0959796905517578
M1_iid_latent,12,3.759452351208391,-1.1748924255371094
M1_iid_latent,13,3.7578650096367143,-1.247849464416504
M1_iid_latent,14,3.7569390864207826,-1.3151788711547852
M1_iid_latent,15,3.754981723325006,-1.3771600723266602
M1_iid_latent,16,3.7539018063709655,-1.433701515197754
M1_iid_latent,17,3.7521870629540803,-1.4854621887207031
M1_iid_latent,18,3.7511904609614404,-1.5331344604492188
M1_iid_latent,19,3.749910153191665,-1.5765304565429688
M1_iid_latent,20,3.747554133678305,-1.6157960891723633
M1_iid_latent,21,3.746022582054138,-1.6517648696899414
M1_iid_latent,22,3.744305499668779,-1.6846342086791992
M1_iid_latent,23,3.742284425373735,-1.714522361755371
M1_iid_latent,24,3.7404384818570366,-1.741438865661621
M1_iid_latent,25,3.7390840135771652,-1.7662229537963867
M1_iid_latent,26,3.7369173230796027,-1.788473129272461
M1_iid_latent,27,3.7344586479252784,-1.8085308074951172
M1_iid_latent,28,3.732082934215151,-1.8269453048706055
M1_iid_latent,29,3.73007228045628,-1.8432903289794922
M1_iid_latent,30,3.7278975289443443,-1.8583183288574219
M1_iid_latent,31,3.725550339139741,-1.8718509674072266
M1_iid_latent,32,3.723741292953491,-1.8842458724975586
M1_iid_latent,33,3.7208721761045784,-1.8949737548828125
M1_iid_latent,34,3.719191843065722,-1.9052047729492188
M1_iid_latent,35,3.7163985063289773,-1.9138507843017578
M1_iid_latent,36,3.714041668793251,-1.922189712524414
M1_iid_latent,37,3.7122368524814475,-1.9291467666625977
M1_iid_latent,38,3.710231246619389,-1.9357337951660156
M1_iid_latent,39,3.7079335697766007,-1.9420537948608398
M1_iid_latent,40,3.7065924406051636,-1.9467229843139648
M1_iid_latent,41,3.704021848481277,-1.9514150619506836
M1_iid_latent,42,3.7017716621530465,-1.955678939819336
M1_iid_latent,43,3.6999257802963257,-1.9596967697143555
M1_iid_latent,44,3.698217511177063,-1.9631166458129883
M1_iid_latent,45,3.6967824615281204,-1.9663143157958984
M1_iid_latent,46,3.695415681806104,-1.9688282012939453
M1_iid_latent,47,3.6929134788184332,-1.9716367721557617
M1_iid_latent,48,3.6908968111564375,-1.9739055633544922
M1_iid_latent,49,3.6898018245039315,-1.9761533737182617
M1_iid_latent,50,3.687729001045227,-1.9780521392822266
M2_predictive_full,1,3.939547670298609,-0.07416534423828125
M2_predictive_full,2,3.7090569816786667,-0.792449951171875
M2_predictive_full,3,3.708598700062982,-1.520371437072754
M2_predictive_full,4,3.7493770163634728,-2.091549873352051
M2_predictive_full,5,3.835011905637281,-2.259113311767578
M2_predictive_full,6,3.824873813267412,-2.3100767135620117
M2_predictive_full,7,3.8206366506116143,-2.3386716842651367
M2_predictive_full,8,3.8210795007903,-2.3471813201904297
M2_predictive_full,9,3.8177268135136573,-2.34786319732666
M2_predictive_full,10,3.811597700776725,-2.3430023193359375
M2_predictive_full,11,3.803026392542083,-2.331303596496582
M2_predictive_full,12,3.794427748384147,-2.3230066299438477
M2_predictive_full,13,3.7865922944299104,-2.306979179382324
M2_predictive_full,14,3.775350472022747,-2.290032386779785
M2_predictive_full,15,3.764018679487294,-2.274064064025879
M2_predictive_full,16,3.753693465528817,-2.25772762298584
M2_predictive_full,17,3.7445486619554718,-2.2337169647216797
M2_predictive_full,18,3.7325731310351142,-2.2203845977783203
M2_predictive_full,19,3.7242929277748895,-2.201462745666504
M2_predictive_full,20,3.715119875710586,-2.184062957763672
M2_predictive_full,21,3.706809705701368,-2.169764518737793
M2_predictive_full,22,3.699561620580739,-2.1557655334472656
M2_predictive_full,23,3.6920964306798476,-2.1412267684936523
M2_predictive_full,24,3.6864523024394593,-2.128706932067871
M2_predictive_full,25,3.680443451322358,-2.122304916381836
M2_predictive_full,26,3.6778745815671723,-2.116246223449707
M2_predictive_full,27,3.6739300366105705,-2.099811553955078
M2_predictive_full,28,3.668177238826094,-2.0994205474853516
M2_predictive_full,29,3.6661715178654113,-2.0903968811035156
M2_predictive_full,30,3.6628361282677484,-2.082559585571289
M2_predictive_full,31,3.6604098615975214,-2.078009605407715
M2_predictive_full,32,3.658125269001928,-2.0752782821655273
M2_predictive_full,33,3.6566580040701506,-2.066171646118164
M2_predictive_full,34,3.6529515981674194,-2.068863868713379
M2_predictive_full,35,3.6523325813227685,-2.0590438842773438
M2_predictive_full,36,3.650124352553795,-2.0587120056152344
M2_predictive_full,37,3.6487821052814353,-2.055384635925293
M2_predictive_full,38,3.646426274858672,-2.0516252517700195
M2_predictive_full,39,3.6446552399931282,-2.043039321899414
M2_predictive_full,40,3.641704275690276,-2.043680191040039
M2_predictive_full,41,3.6420682010979486,-2.0377206802368164
M2_predictive_full,42,3.6397622988141816,-2.0342140197753906
M2_predictive_full,43,3.637005160594809,-2.0232696533203125
M2_predictive_full,44,3.6350014004214057,-2.0295114517211914
M2_predictive_full,45,3.6355993090004755,-2.02077579498291
M2_predictive_full,46,3.6329335467568757,-2.0169811248779297
M2_predictive_full,47,3.6313157903737037,-2.0201358795166016
M2_predictive_full,48,3.6305162166727,-2.0128374099731445
M2_predictive_full,49,3.6285056369058015,-2.0069046020507812
M2_predictive_full,50,3.626929887409868,-2.002476692199707
M3_predictive_no_rv,1,3.8822789109986404,0.22504043579101562
M3_predictive_no_rv,2,3.714242881742017,-0.6022443771362305
M3_predictive_no_rv,3,3.7652109902480553,-1.3467702865600586
M3_predictive_no_rv,4,3.761613997919806,-1.98248291015625
M3_predictive_no_rv,5,3.834725326505201,-2.2373008728027344
M3_predictive_no_rv,6,3.835975297566118,-2.2865734100341797
M3_predictive_no_rv,7,3.821124446803126,-2.331239700317383
M3_predictive_no_rv,8,3.8260607596101432,-2.349679946899414
M3_predictive_no_rv,9,3.8239742887431176,-2.35640811920166
M3_predictive_no_rv,10,3.81979854353543,-2.3572940826416016
M3_predictive_no_rv,11,3.8145558710755973,-2.3518428802490234
M3_predictive_no_rv,12,3.8081245792323144,-2.3445205688476562
M3_predictive_no_rv,13,3.7990015457416404,-2.3326539993286133
M3_predictive_no_rv,14,3.7890742647236793,-2.318714141845703
M3_predictive_no_rv,15,3.7785133575570993,-2.3020267486572266
M3_predictive_no_rv,16,3.7670742191117386,-2.284377098083496
M3_predictive_no_rv,17,3.7559194893672547,-2.2663183212280273
M3_predictive_no_rv,18,3.7444361242754707,-2.2392616271972656
M3_predictive_no_rv,19,3.7310584495807517,-2.224062919616699
M3_predictive_no_rv,20,3.721577599130828,-2.1997604370117188
M3_predictive_no_rv,21,3.7099648302999038,-2.1813135147094727
M3_predictive_no_rv,22,3.701619061930426,-2.157499313354492
M3_predictive_no_rv,23,3.6926553865958907,-2.1474456787109375
M3_predictive_no_rv,24,3.6873178194309104,-2.1290578842163086
M3_predictive_no_rv,25,3.6811909922238053,-2.122039794921875
M3_predictive_no_rv,26,3.677795036085721,-2.1057376861572266
M3_predictive_no_rv,27,3.6729980624955276,-2.100442886352539
M3_predictive_no_rv,28,3.6700094856064895,-2.0936450958251953
M3_predictive_no_rv,29,3.6668982629118294,-2.089265823364258
M3_predictive_no_rv,30,3.665619599408117,-2.084578514099121
M3_predictive_no_rv,31,3.662321012595604,-2.0765151977539062
M3_predictive_no_rv,32,3.6596594596731253,-2.0703344345092773
M3_predictive_no_rv,33,3.657611838702498,-2.0718517303466797
M3_predictive_no_rv,34,3.657167566233668,-2.063404083251953
M3_predictive_no_rv,35,3.654289192166822,-2.0674686431884766
M3_predictive_no_rv,36,3.654202366697377,-2.0645904541015625
M3_predictive_no_rv,37,3.6533990605124114,-2.061443328857422
M3_predictive_no_rv,38,3.651900398320165,-2.0615787506103516
M3_predictive_no_rv,39,3.6504300298361945,-2.0611391067504883
M3_predictive_no_rv,40,3.649849028422915,-2.0496578216552734
M3_predictive_no_rv,41,3.6463076986115555,-2.052432060241699
M3_predictive_no_rv,42,3.6461686512519575,-2.046611785888672
M3_predictive_no_rv,43,3.6451211016753624,-2.051632881164551
M3_predictive_no_rv,44,3.6450136694414863,-2.045905113220215
M3_predictive_no_rv,45,3.6426815822206695,-2.042257308959961
M3_predictive_no_rv,46,3.641637238962897,-2.041409492492676
M3_predictive_no_rv,47,3.641130414502374,-2.042330741882324
M3_predictive_no_rv,48,3.6405741181866875,-2.0369033813476562
M3_predictive_no_rv,49,3.6388015459323753,-2.034125328063965
M3_predictive_no_rv,50,3.636398430528312,-2.0298986434936523
