model,symbol,split,theta_decile,n,mean_pred_theta,mean_radial_score,q95_radial_score,mean_logscore
M2_predictive_full,BTCUSDT,test,1,4451,0.8974143984317244,4.834251177369811,15.098054745645232,-4.7051903803518345
M2_predictive_full,BTCUSDT,test,2,5308,0.9393155592203859,4.528658114091538,14.233306193039867,-4.538769277802246
M2_predictive_full,BTCUSDT,test,3,5310,0.9856263276996361,3.9401743545183967,13.539890829762436,-4.402848421876264
M2_predictive_full,BTCUSDT,test,4,4882,1.0422878804288893,3.2390576528223485,11.692113945953047,-4.126632294856051
M2_predictive_full,BTCUSDT,test,5,4479,1.1086718069705934,2.601571087526726,9.699861894553647,-3.8242971165740722
M2_predictive_full,BTCUSDT,test,6,4287,1.1846415557754548,1.9371393556338115,7.488451444870585,-3.494563693513063
M2_predictive_full,BTCUSDT,test,7,4173,1.268238129959728,1.675331099271472,6.558122148107928,-3.2503693036943955
M2_predictive_full,BTCUSDT,test,8,4510,1.360436239448725,1.3103065370090474,4.888146797226654,-2.9162117841767103
M2_predictive_full,BTCUSDT,test,9,5091,1.4637000629368477,0.9589144664186241,4.005015692587072,-2.577778032172103
M2_predictive_full,BTCUSDT,test,10,5904,1.5909679274006587,0.7245696526526397,3.1816801450532592,-2.2335820786432845
M2_predictive_full,BTCUSDT,train,1,11541,0.8971666890820208,3.245691257477291,10.27233526182512,-4.09921499437336
M2_predictive_full,BTCUSDT,train,2,11541,0.9389744133090303,2.9758716512198515,9.80872108897701,-3.960402076594101
M2_predictive_full,BTCUSDT,train,3,11541,0.9859679638745518,2.642337986194017,9.135021587798148,-3.8154189314981464
M2_predictive_full,BTCUSDT,train,4,11542,1.0424156108817202,2.1711306263534684,7.676808488006393,-3.6016985860694697
M2_predictive_full,BTCUSDT,train,5,11540,1.1096040575715036,1.8052148400480277,6.576026810335039,-3.369071825228283
M2_predictive_full,BTCUSDT,train,6,11541,1.1850626646217384,1.4624595731772714,5.521520847281866,-3.1599575306449728
M2_predictive_full,BTCUSDT,train,7,11541,1.2684559139529028,1.158222983335382,4.591651324668912,-2.9488022600113957
M2_predictive_full,BTCUSDT,train,8,11541,1.3599584431615614,0.9353254813541587,3.8026624917241096,-2.7109787438938597
M2_predictive_full,BTCUSDT,train,9,11541,1.4627789360389647,0.7333971391934835,3.1368682429701344,-2.4427387595806778
M2_predictive_full,BTCUSDT,train,10,11541,1.5859885051421716,0.6091537598376578,2.686825064734576,-2.167041542108422
M2_predictive_full,BTCUSDT,validation,1,3297,0.9022957392992813,3.271632986219261,10.035039863648734,-4.188099634585902
M2_predictive_full,BTCUSDT,validation,2,5105,0.9391778558405093,3.034151840603695,9.44423015013099,-4.1231312024605025
M2_predictive_full,BTCUSDT,validation,3,4949,0.9858171114851234,2.8345160522451534,8.980362435410264,-4.042385732845769
M2_predictive_full,BTCUSDT,validation,4,4586,1.0421087454096283,2.61770259482037,8.788242952289016,-3.933595727376942
M2_predictive_full,BTCUSDT,validation,5,4080,1.108174826029469,2.0571107974597527,7.015598794682537,-3.6704796841331557
M2_predictive_full,BTCUSDT,validation,6,3688,1.183760565493474,1.8166555458775715,6.000152972711913,-3.5427363325484147
M2_predictive_full,BTCUSDT,validation,7,3257,1.2665713922648771,1.4867806132484482,5.464786367424269,-3.2976061038016393
M2_predictive_full,BTCUSDT,validation,8,2522,1.3571953863779955,1.1311176316567038,4.282187175904855,-3.0012597944129564
M2_predictive_full,BTCUSDT,validation,9,1838,1.4575091464864547,0.9131380403233333,3.755816830305571,-2.78734693291138
M2_predictive_full,BTCUSDT,validation,10,973,1.5831891901078965,0.9053200158831995,3.4167861870579044,-2.577630830570703
M2_predictive_full,ETHUSDT,test,1,859,0.7616786599436794,6.557217374954583,20.92759293656595,-4.811453898655244
M2_predictive_full,ETHUSDT,test,2,1927,0.7682683987201776,5.8345716778817724,18.88825578608345,-4.661925441438074
M2_predictive_full,ETHUSDT,test,3,3244,0.7739107412562858,5.687973410463222,19.101194506331993,-4.647582465711563
M2_predictive_full,ETHUSDT,test,4,4176,0.7796396356347192,5.68957363595271,19.565194010044152,-4.6359476884434505
M2_predictive_full,ETHUSDT,test,5,4776,0.7865186696825315,5.6108781877597735,19.060966237784086,-4.61583811773527
M2_predictive_full,ETHUSDT,test,6,5798,0.7960255223436576,5.466058337913833,18.80655336008374,-4.582131413724267
M2_predictive_full,ETHUSDT,test,7,6417,0.810490165913014,5.379201808385015,18.59364150516643,-4.581287368985747
M2_predictive_full,ETHUSDT,test,8,6790,0.8344887490037264,5.2216996585370365,18.745323062506447,-4.5075588582015005
M2_predictive_full,ETHUSDT,test,9,7762,0.8802361644457002,5.666291006466081,19.778145575676927,-4.627848907986488
M2_predictive_full,ETHUSDT,test,10,9451,1.090549945635791,8.28979356196643,28.78259800959901,-5.413193330829351
M2_predictive_full,ETHUSDT,train,1,12065,0.7600489157045525,3.003251394052559,9.76928781527106,-3.703662590362005
M2_predictive_full,ETHUSDT,train,2,12065,0.7680771559588009,3.039841420502071,9.67063296902259,-3.759882805587541
M2_predictive_full,ETHUSDT,train,3,12063,0.7736971154049302,3.045868557817693,9.885470168670839,-3.756826270271927
M2_predictive_full,ETHUSDT,train,4,12064,0.7795365676283836,3.111689589478334,9.875104828998682,-3.797505951172793
M2_predictive_full,ETHUSDT,train,5,12064,0.7865154975358228,3.2779445983692166,10.430981625934804,-3.831186545148136
M2_predictive_full,ETHUSDT,train,6,12064,0.7958846737776416,3.1483192806689657,10.029291597211921,-3.8043751820566167
M2_predictive_full,ETHUSDT,train,7,12064,0.8104369962830047,3.3894926750670926,10.719336026094668,-3.8797712462610843
M2_predictive_full,ETHUSDT,train,8,12064,0.8341161589377833,3.6062752212116793,11.6735019281725,-3.9992836237111837
M2_predictive_full,ETHUSDT,train,9,12064,0.8792527237516736,4.219555795129555,13.382343903098613,-4.253563430071352
M2_predictive_full,ETHUSDT,train,10,12065,1.0556750913008188,6.276007798894415,19.5636571551487,-5.029341578157522
M2_predictive_full,ETHUSDT,validation,1,139,0.7627145364987764,4.845871264933138,12.829633696449875,-4.649760561881306
M2_predictive_full,ETHUSDT,validation,2,692,0.7686798635418015,5.2131236882903185,15.19551472250999,-4.662573740316954
M2_predictive_full,ETHUSDT,validation,3,1716,0.7739424217483658,5.118579112118626,16.51770940779501,-4.647976645917604
M2_predictive_full,ETHUSDT,validation,4,2340,0.7796756093318645,5.157604547897639,15.299182418290549,-4.685038243094061
M2_predictive_full,ETHUSDT,validation,5,3366,0.7866794970229631,5.558691678186004,16.928069657832186,-4.787360753888398
M2_predictive_full,ETHUSDT,validation,6,4277,0.7961136848814498,5.549835040444345,16.648320297421495,-4.809815311420736
M2_predictive_full,ETHUSDT,validation,7,4270,0.8103208454487195,5.811992785099715,17.670073252101787,-4.884910006768809
M2_predictive_full,ETHUSDT,validation,8,4256,0.8343696394949255,6.2922045410758125,19.037578135849422,-5.0805023326573515
M2_predictive_full,ETHUSDT,validation,9,5025,0.8809887502323929,6.963648762272415,20.089281492023726,-5.371310763572579
M2_predictive_full,ETHUSDT,validation,10,8460,1.0847218621425314,8.296512014892517,24.505178487788733,-5.95472840501907
M3_predictive_no_rv,BTCUSDT,test,1,5087,0.9133049198094018,5.321611904299067,17.080816470824388,-4.892207982054107
M3_predictive_no_rv,BTCUSDT,test,2,4622,0.9999223028953227,3.7769639277933376,12.896403130830347,-4.358511623135381
M3_predictive_no_rv,BTCUSDT,test,3,4845,1.0707372628744418,3.0087491104020785,10.917847041309177,-4.115172697220793
M3_predictive_no_rv,BTCUSDT,test,4,4981,1.1475579169973555,3.0109159554866998,9.613760795396425,-3.990575162839325
M3_predictive_no_rv,BTCUSDT,test,5,5190,1.2267071211958207,2.0900799601026616,7.9780930453017875,-3.642278385300168
M3_predictive_no_rv,BTCUSDT,test,6,4992,1.2979642275052192,1.8595161530069235,6.953683523675498,-3.502405029029036
M3_predictive_no_rv,BTCUSDT,test,7,4543,1.3663905535976504,1.5802084001631598,6.453173484634757,-3.349570070991373
M3_predictive_no_rv,BTCUSDT,test,8,4064,1.4238311759247555,1.3386355476284915,5.491233145670024,-3.134026126540083
M3_predictive_no_rv,BTCUSDT,test,9,3891,1.4688767544011843,1.2177492895655655,4.99272305322153,-2.904733876402597
M3_predictive_no_rv,BTCUSDT,test,10,6180,1.518728184545696,0.8517419803150446,3.6775245674215573,-2.2936334632361204
M3_predictive_no_rv,BTCUSDT,train,1,11541,0.9190535822533186,3.306840970746924,10.68699193377257,-4.175517935220295
M3_predictive_no_rv,BTCUSDT,train,2,11541,0.9994634388431232,2.549042282169763,8.434455293232828,-3.8448569324274593
M3_predictive_no_rv,BTCUSDT,train,3,11541,1.0701556354696566,2.0827829594933434,7.268632624426848,-3.630975070605812
M3_predictive_no_rv,BTCUSDT,train,4,11541,1.1478792387033787,1.8162653187789155,6.445387085980733,-3.4851175214355776
M3_predictive_no_rv,BTCUSDT,train,5,11541,1.2258665869382874,1.5369723370492665,5.803654761692354,-3.302905635438752
M3_predictive_no_rv,BTCUSDT,train,6,11541,1.298526436191179,1.3459818204929197,5.066054329087822,-3.1639682547738923
M3_predictive_no_rv,BTCUSDT,train,7,11541,1.366821210973753,1.2193331669897518,4.715568726643263,-3.0541208014105212
M3_predictive_no_rv,BTCUSDT,train,8,11541,1.4241724989771811,1.079863437245359,4.271914522512106,-2.8709795613004205
M3_predictive_no_rv,BTCUSDT,train,9,11541,1.4692389967123214,0.9028401842130375,3.8670934043098573,-2.639932681923154
M3_predictive_no_rv,BTCUSDT,train,10,11541,1.5116606836105775,0.6919741257101296,3.185716997974742,-2.2169505685900974
M3_predictive_no_rv,BTCUSDT,validation,1,3458,0.920507722193275,3.549507095344577,10.360284385235957,-4.302516798948263
M3_predictive_no_rv,BTCUSDT,validation,2,3935,1.0004066353074477,2.7748569725466425,8.647926327903809,-4.062548692950451
M3_predictive_no_rv,BTCUSDT,validation,3,4104,1.0701155569295437,2.3377623984591613,7.598713700443754,-3.897977267324808
M3_predictive_no_rv,BTCUSDT,validation,4,3831,1.1473220319792734,2.0730123209702693,6.897807006192858,-3.82076692338464
M3_predictive_no_rv,BTCUSDT,validation,5,3372,1.2256417250081737,2.0000802211731017,6.638240432187611,-3.7334696953124142
M3_predictive_no_rv,BTCUSDT,validation,6,3263,1.2984968853113734,1.762187334690413,6.370210351300159,-3.672460282174057
M3_predictive_no_rv,BTCUSDT,validation,7,3031,1.3666313801296313,1.6608988472926773,5.723425659231461,-3.6025420642457595
M3_predictive_no_rv,BTCUSDT,validation,8,2696,1.4241129504378542,1.4689950784278258,5.199599302128824,-3.5119886608788806
M3_predictive_no_rv,BTCUSDT,validation,9,2495,1.4687703283611901,1.3509360391522047,5.037920186447035,-3.351581754283102
M3_predictive_no_rv,BTCUSDT,validation,10,4110,1.514834825168851,1.1421500744135884,4.219265370235946,-3.0773004108971924
M3_predictive_no_rv,ETHUSDT,test,1,770,0.7352902217344804,11.30753307573319,34.74543064294312,-5.846474728646217
M3_predictive_no_rv,ETHUSDT,test,2,579,0.7465712256176278,8.907608602535188,29.441114044863856,-5.507183666673967
M3_predictive_no_rv,ETHUSDT,test,3,947,0.7510674810459899,8.937664448473454,27.06216205605681,-5.4731264104309405
M3_predictive_no_rv,ETHUSDT,test,4,1355,0.7544839179823759,9.85913509054922,30.276969423772044,-5.562706804099558
M3_predictive_no_rv,ETHUSDT,test,5,2250,0.7577580933570862,8.568055257468922,26.437932604007777,-5.389767102983263
M3_predictive_no_rv,ETHUSDT,test,6,4136,0.7614703516347957,8.412075750689638,26.908631836755625,-5.202933535815669
M3_predictive_no_rv,ETHUSDT,test,7,4216,0.7657932889359725,7.961511959172109,25.642906997232075,-5.092631155897137
M3_predictive_no_rv,ETHUSDT,test,8,6092,0.7706901959619942,6.590253380882955,21.741060763913875,-4.8386794207366925
M3_predictive_no_rv,ETHUSDT,test,9,15584,0.778882411195757,5.472881720874177,19.430600748478327,-4.478565466324406
M3_predictive_no_rv,ETHUSDT,test,10,15271,0.858955665707596,6.533763438888082,22.802192599747052,-4.614143187619873
M3_predictive_no_rv,ETHUSDT,train,1,12065,0.7393712842953536,3.8783751544553104,12.192305468854931,-3.8301902089828386
M3_predictive_no_rv,ETHUSDT,train,2,12064,0.7463998641640897,3.9733687060276246,12.81401126804202,-3.938930183866454
M3_predictive_no_rv,ETHUSDT,train,3,12064,0.7508008066782189,4.258179253902097,13.168286602542652,-4.065127912780334
M3_predictive_no_rv,ETHUSDT,train,4,12064,0.7544074034273861,4.09141438941625,12.891361393743443,-4.025226935408318
M3_predictive_no_rv,ETHUSDT,train,5,12064,0.7575419730450019,3.8113932505489947,12.365197477432393,-3.9620284303548483
M3_predictive_no_rv,ETHUSDT,train,6,12064,0.7614095298578315,3.9306809238946205,12.36381404874623,-4.043571472701565
M3_predictive_no_rv,ETHUSDT,train,7,12064,0.7657425643762559,4.124023329077428,12.545733542439782,-4.04113523090945
M3_predictive_no_rv,ETHUSDT,train,8,12064,0.7703494618767848,3.4983381273116625,10.977788541396983,-3.8890826983935636
M3_predictive_no_rv,ETHUSDT,train,9,12064,0.7785400742768688,3.5992106867995655,11.591993684453167,-3.869152272372094
M3_predictive_no_rv,ETHUSDT,train,10,12065,0.8480940901388333,4.794310873597989,15.0992364420676,-4.317177209960836
M3_predictive_no_rv,ETHUSDT,validation,1,155,0.735218031175675,11.529129469781225,31.263646383008723,-6.089084700615175
M3_predictive_no_rv,ETHUSDT,validation,2,99,0.7465170212466308,8.130452466088515,24.651994962730104,-5.409995688332452
M3_predictive_no_rv,ETHUSDT,validation,3,150,0.7510831356048584,8.594522497283812,23.481134931595097,-5.580682786305745
M3_predictive_no_rv,ETHUSDT,validation,4,261,0.7546380237601269,8.035317751359885,24.854642240032778,-5.307247807696404
M3_predictive_no_rv,ETHUSDT,validation,5,583,0.7578494892316658,7.786721469983648,23.8387743934348,-5.331526535452946
M3_predictive_no_rv,ETHUSDT,validation,6,1701,0.7617549596289759,8.47551818802823,25.418636503024985,-5.455428384318904
M3_predictive_no_rv,ETHUSDT,validation,7,3322,0.7659381685990443,8.284711264037604,24.713721906567162,-5.425464286996542
M3_predictive_no_rv,ETHUSDT,validation,8,5611,0.7706613647090074,6.997333849212314,20.062779831969983,-5.186311508198087
M3_predictive_no_rv,ETHUSDT,validation,9,10276,0.7790861284398717,6.878468181504368,20.660303771961058,-5.136968046043949
M3_predictive_no_rv,ETHUSDT,validation,10,12383,0.8452429300237143,7.487563566722388,22.329965352688497,-5.285295971450923
