model,symbol,split,n,predictive_theta_mean,predictive_theta_sd,posterior_theta_mean,posterior_theta_sd
M1_iid_latent,BTCUSDT,test,48395,0.9999995231628418,0.0,0.8037256890152934,0.4084823579886934
M1_iid_latent,BTCUSDT,train,115410,0.9999995231628418,0.0,0.7268666024385111,0.343950626235806
M1_iid_latent,BTCUSDT,validation,34295,0.9999995231628418,0.0,0.8078812885943125,0.3543753533957244
M1_iid_latent,ETHUSDT,test,51200,0.9999995231628418,0.0,1.0282974517688854,0.48082325875324194
M1_iid_latent,ETHUSDT,train,120642,0.9999995231628418,0.0,0.8698296834989085,0.39083280841793766
M1_iid_latent,ETHUSDT,validation,34541,0.9999995231628418,0.0,1.1300455506271192,0.4529968421865082
M2_predictive_full,BTCUSDT,test,48395,1.1906064655677582,0.23202596946286683,0.7670729678445567,0.49924933647575276
M2_predictive_full,BTCUSDT,train,115410,1.183636737591823,0.22180909979586236,0.6813361140421715,0.43473876722184357
M2_predictive_full,BTCUSDT,validation,34295,1.1104175108830214,0.1791434477957454,0.794981590615085,0.44117264442109416
M2_predictive_full,ETHUSDT,test,51200,0.8648265727784019,0.14436972897221842,0.8791931388442754,0.3398110146208226
M2_predictive_full,ETHUSDT,train,120642,0.8243254279339752,0.09862666812093046,0.7756925229312889,0.2567238098025563
M2_predictive_full,ETHUSDT,validation,34541,0.8818005832002054,0.14799757207366537,0.9776153282383259,0.3047125729552001
M3_predictive_no_rv,BTCUSDT,test,48395,1.2421217115977934,0.20304960346481638,0.8259269872582738,0.5668906049818132
M3_predictive_no_rv,BTCUSDT,train,115410,1.2432838308672776,0.1978723822490657,0.721992530708797,0.4839623860008856
M3_predictive_no_rv,BTCUSDT,validation,34295,1.2290112647670997,0.19798474464541824,0.8474978271713756,0.5098763649103327
M3_predictive_no_rv,ETHUSDT,test,51200,0.7961966124072205,0.5311324575947642,0.8419664203748107,0.3050530703481982
M3_predictive_no_rv,ETHUSDT,train,120642,0.7672661439826153,0.0515908424021393,0.7370539054570255,0.22072791271074907
M3_predictive_no_rv,ETHUSDT,validation,34541,0.7983618941208639,0.1491508989691461,0.9203436945956733,0.29089858442554223
