model,symbol,split,count,mean,std
M0_student,BTCUSDT,test,48395,-3.936819581870193,1.667584188024652
M0_student,BTCUSDT,train,115410,-3.6232083938861575,1.302106263898007
M0_student,BTCUSDT,validation,34295,-3.8717704418884247,1.3541376323631484
M0_student,ETHUSDT,test,51200,-4.841229653693736,2.2601796226923283
M0_student,ETHUSDT,train,120642,-4.111601960447371,1.624035146210541
M0_student,ETHUSDT,validation,34541,-5.179687882459542,2.1275427236426734
M1_iid_latent,BTCUSDT,test,48395,-3.692046232117098,1.924846224490693
M1_iid_latent,BTCUSDT,train,115410,-3.3350998262466214,1.6366498849372664
M1_iid_latent,BTCUSDT,validation,34295,-3.733777204389248,1.6486537291925902
M1_iid_latent,ETHUSDT,test,51200,-4.779109501754865,2.2668808377700937
M1_iid_latent,ETHUSDT,train,120642,-4.021485497706808,1.7818493142176155
M1_iid_latent,ETHUSDT,validation,34541,-5.223369930784523,2.068034172060699
M2_predictive_full,BTCUSDT,test,48395,-3.589143461875155,2.097691818109968
M2_predictive_full,BTCUSDT,train,115410,-3.2275345406554186,1.8323867470598632
M2_predictive_full,BTCUSDT,validation,34295,-3.699775877810894,1.785934265961351
M2_predictive_full,ETHUSDT,test,51200,-4.751003596968949,2.3191763682151256
M2_predictive_full,ETHUSDT,train,120642,-3.9815463295085043,1.8034978152972438
M2_predictive_full,ETHUSDT,validation,34541,-5.192281465339058,2.083664695877521
M3_predictive_no_rv,BTCUSDT,test,48395,-3.6091528749303365,2.098986670704849
M3_predictive_no_rv,BTCUSDT,train,115410,-3.2385324963125983,1.8329768776360746
M3_predictive_no_rv,BTCUSDT,validation,34295,-3.7168366902353185,1.800332627414814
M3_predictive_no_rv,ETHUSDT,test,51200,-4.79026533652097,2.3864395860975463
M3_predictive_no_rv,ETHUSDT,train,120642,-3.998163507565767,1.8467822685903623
M3_predictive_no_rv,ETHUSDT,validation,34541,-5.253141059578958,2.180386037522913
