model,row_index,symbol,split,predictive_logscore,theta_predictive_mean,theta_posterior_mean,prior_raw_mu,prior_raw_sd,prior_mu_normalized,prior_sd,theta_mean_audit,radial_score,date,grid_timestamp,spread_bps,bid_depth,ask_depth,rv_backward,lag_dlog_mid,lag_dlog_total_depth,lag_d_log_depth_ratio,lag_log_spread,lag_imbalance,lag_log_rv
M2_predictive_full,387386,ETHUSDT,test,-16.084117889404297,4.110523223876953,1.4091038703918457,-0.7219634056091309,0.5158238410949707,1.2805132865905762,0.5158238410949707,4.110523223876953,84.84287948563863,2025-12-01,1764547755000000,0.03408484741140336,9.3446,21.180100000000003,0.008881981902761215,-4.259097089380216,1.6888129448781142,3.195339624119095,0.895051392534313,1.5350556310391685,3.787692445526709
M2_predictive_full,398420,ETHUSDT,test,-9.508401870727539,3.691190004348755,2.431079864501953,-0.9041671752929688,0.6444214582443237,1.0983095169067383,0.6444214582443237,3.691190004348755,12.129896133460601,2025-12-01,1764603285000000,0.03644680133839317,34.206700000000005,2.2445999999999997,0.0052545817175257935,12.093056069765348,3.06814834577374,3.807067786568844,0.9302735814222775,1.5147025471204365,3.069838364577843
M2_predictive_full,40377,BTCUSDT,train,-6.753669738769531,3.538719654083252,2.0391883850097656,-1.0293898582458496,0.7624672651290894,0.9730868339538574,0.7624672651290894,3.538719654083252,3.2138546062078537,2025-03-01,1740824590000000,0.0011764705184148295,98.12859000000002,4.797499999999999,0.0011333527971805547,-0.6260197034251287,9.14140694026887,0.7260491484950083,-0.9321844342616054,1.4090853405800672,1.3413512052789232
M2_predictive_full,40950,BTCUSDT,train,-9.972789764404297,3.437121629714966,2.4910383224487305,-1.0782791376113892,0.7879553437232971,0.9241975545883179,0.7879553437232971,3.437121629714966,14.161615592168156,2025-03-01,1740827455000000,0.0011805818597766624,1.7521100000000005,1.4248800000000004,0.0008353797445283257,-1.15611161170379,10.554080467473867,0.2051513666241154,-0.9302670215560018,1.3447858587715538,0.9505518061398426
M2_predictive_full,192804,BTCUSDT,test,-5.54259729385376,3.3668882846832275,1.258130669593811,-1.0417054891586304,0.7116429209709167,0.9607712030410767,0.7116429209709167,3.3668882846832275,1.532863023195593,2025-12-01,1764607110000000,0.0011749811952791501,0.9902700000000001,2.59233,0.0031560166109128977,-0.5278572393347121,4.879511594704027,1.8595307235695244,-0.9329002944571273,1.4955256393132912,2.5680685059228305
M2_predictive_full,398540,ETHUSDT,test,-5.200863838195801,3.287144184112549,1.1056749820709229,-0.938048243522644,0.5011799931526184,1.064428448677063,0.5011799931526184,3.287144184112549,1.1929072236301625,2025-12-01,1764603885000000,0.036680489098442286,63.68309999999999,6.9934,0.0029874615643813297,-0.5829207345296501,6.891055015008275,-0.16098235163623792,0.9330368605340524,1.3763322906277964,2.504295867377701
M2_predictive_full,398423,ETHUSDT,test,-6.788105010986328,3.0676581859588623,1.3673436641693115,-1.036922812461853,0.5574237704277039,0.965553879737854,0.5574237704277039,3.0676581859588623,3.9862777083947725,2025-12-01,1764603300000000,0.036443879158523707,6.0764,20.995599999999992,0.005340078230349889,-0.21517343683573878,6.141878779988102,1.6458404767697354,0.9294471384053773,1.4064225531971104,3.194346370314846
M2_predictive_full,387566,ETHUSDT,test,-6.574662208557129,3.0553011894226074,1.126642107963562,-1.109264850616455,0.6688292622566223,0.893211841583252,0.6688292622566223,3.0553011894226074,3.350734352968963,2025-12-01,1764548655000000,0.03448852652862127,1.2135,70.5692,0.0030940504394923215,10.326621711160454,3.2050591578892846,3.536500277144251,0.8998939055491681,1.5329946995784873,2.370468907514458
M2_predictive_full,403084,ETHUSDT,test,-10.219263076782227,3.026961088180542,1.7517070770263672,-1.0992348194122314,0.6392453908920288,0.9032418727874756,0.6392453908920288,3.026961088180542,17.144491374852354,2025-12-01,1764626605000000,0.03570950319231631,8.932500000000001,27.981,0.0009388963614991447,-0.9033971907387396,12.891480869496455,1.7455680295161682,0.9186363071773289,1.5271905605824463,1.107023622156972
M2_predictive_full,387374,ETHUSDT,test,-10.298734664916992,2.9874203205108643,1.150651454925537,-1.0185803174972534,0.47013598680496216,0.9838963747024536,0.47013598680496216,2.9874203205108643,17.69624547770572,2025-12-01,1764547695000000,0.03389893709802567,14.495,24.290999999999997,0.0034328401723464383,-1.065406831475394,2.423946809398781,-3.2513293729846238,3.05290007812822,-1.5650892638939056,2.6872920330235925
M2_predictive_full,181242,BTCUSDT,test,-5.063710689544678,2.9837207794189453,1.0196516513824463,-1.1668946743011475,0.7177591323852539,0.8355820178985596,0.7177591323852539,2.9837207794189453,1.2128120404598584,2025-12-01,1764549270000000,0.0011368137769226037,1.1699199999999998,3.6712799999999994,0.0027458153952321634,0.049668034884850096,5.221695196693096,0.2681317529108346,-0.9508071829398207,-0.6943842508481042,2.4539388797554387
M2_predictive_full,398199,ETHUSDT,test,-4.922539234161377,2.9695231914520264,1.0111109018325806,-1.0584485530853271,0.5373514890670776,0.9440281391143799,0.5373514890670776,2.9695231914520264,1.0584328722975973,2025-12-01,1764602180000000,0.035783104290800456,58.9069,0.1436,0.006012687300434946,4.648631533812782,5.656615587347437,2.4353472315669977,0.9198208842482102,1.5233430062390672,3.3195392777688486
M2_predictive_full,387389,ETHUSDT,test,-4.529662609100342,2.9506916999816895,1.0022060871124268,-1.0238598585128784,0.45480284094810486,0.9786168336868286,0.45480284094810486,2.9506916999816895,0.6866442753999611,2025-12-01,1764547770000000,0.034008920539053404,30.0033,8.552499999999998,0.009623461643935769,-2.1989587745244954,0.1327051017803689,0.36005997811725576,0.8921314640842377,0.8587171643144018,3.890712880955378
M2_predictive_full,38127,BTCUSDT,train,-7.214414596557617,2.943819999694824,2.0881786346435547,-1.24614679813385,0.8042117357254028,0.7563298940658569,0.8042117357254028,2.943819999694824,4.71805895657869,2025-03-01,1740812965000000,0.001176468859229704,146.61124999999998,3.2136000000000005,0.0005436977476880112,-0.5022844841056243,10.05255443733749,1.963350096665033,-0.9321851360479214,1.4831341874690833,0.45956500094643715
M2_predictive_full,387392,ETHUSDT,test,-7.453510761260986,2.8665661811828613,1.3406075239181519,-1.0886284112930298,0.527762234210968,0.9138482809066772,0.527762234210968,2.8665661811828613,5.8912955414112265,2025-12-01,1764547785000000,0.034010886884087606,0.0336,40.0101,0.009504908416906726,6.878173748239749,-1.545282366006331,0.22308364744376313,0.8921831057574022,0.3517291418129081,3.875698147025794
M2_predictive_full,21978,BTCUSDT,train,-7.614721775054932,2.8157730102539062,2.286367177963257,-1.315812110900879,0.8349517583847046,0.6866645812988281,0.8349517583847046,2.8157730102539062,5.734649592144341,2025-02-01,1738398300000000,0.0009802960008443594,93.52904,9.056200000000002,0.00035253963163661353,-0.7597002639497488,10.559730381189562,2.0530652684450796,-1.0311086628248247,1.4179794187672636,-0.12557357110606424
M2_predictive_full,250442,ETHUSDT,train,-9.405336380004883,2.767672300338745,1.5978031158447266,-1.1337448358535767,0.5463970303535461,0.8687318563461304,0.5463970303535461,2.767672300338745,13.664795056097871,2025-04-01,1743468785000000,0.054570408104747385,106.96950000000001,13.033200000000003,0.007860022916357148,-5.573093291903876,-1.180262108668033,2.284520772044414,1.1480820607647213,0.7188083298965077,3.640524610627464
M2_predictive_full,387393,ETHUSDT,test,-11.4493989944458,2.7242794036865234,1.7108705043792725,-1.1290194988250732,0.5074382424354553,0.8734571933746338,0.5074382424354553,2.7242794036865234,26.68091161344116,2025-12-01,1764547790000000,0.03406290396549523,0.0826,14.6163,0.009499054276756468,0.17877399799558924,3.7653337678065175,-2.8605876882376835,0.8921665060951174,-1.6206879499925808,3.8718995827570537
M2_predictive_full,255759,ETHUSDT,train,-5.524666786193848,2.7067952156066895,1.2404065132141113,-1.1138086318969727,0.4628116190433502,0.8886680603027344,0.4628116190433502,2.7067952156066895,2.0663265412653735,2025-04-01,1743495385000000,0.05342636644605622,127.06600000000002,18.3936,0.005501510057502854,-1.7908608626300715,1.437984669413727,0.31810541615724025,1.137242634773911,1.2039971168348862,3.2214813976085805
M2_predictive_full,387409,ETHUSDT,test,-7.444256782531738,2.694610118865967,1.3549249172210693,-1.1235332489013672,0.47394096851348877,0.8789434432983398,0.47394096851348877,2.694610118865967,6.259915802173374,2025-12-01,1764547870000000,0.034239012273721316,11.464099999999998,0.239,0.005207834029707387,-0.7450728682287532,4.417323085789563,1.2613946413063235,0.8954965865501119,0.21639013081130873,3.1577012883219555
M2_predictive_full,180887,BTCUSDT,test,-4.524240493774414,2.6669507026672363,0.9721316695213318,-1.202919363975525,0.6022930145263672,0.7995573282241821,0.6022930145263672,2.6669507026672363,0.8090951067720115,2025-12-01,1764547495000000,0.0011125928988381369,2.5518699999999996,3.7849,0.006822468633948602,-2.8108363236621834,1.8254086116387576,0.6600754921807027,-0.9623728470100829,1.38243773373034,3.4754449945616277
M2_predictive_full,359472,ETHUSDT,test,-8.943710327148438,2.6033942699432373,1.2329515218734741,-1.140918493270874,0.4364810287952423,0.861558198928833,0.4364810287952423,2.6033942699432373,12.01565824527938,2025-10-01,1759307795000000,0.023677577689608927,151.64509999999999,12.5665,0.004300883265831162,4.067409064359972,-3.3311123866523897,0.588275968206815,3.5273031198676033,1.4991260600430591,2.914679194294674
M2_predictive_full,351163,ETHUSDT,validation,-6.819218158721924,2.554609775543213,1.3291133642196655,-1.216447114944458,0.5511260032653809,0.786029577255249,0.5511260032653809,2.554609775543213,4.739949648778663,2025-09-01,1756760600000000,0.0233980797179801,16.6342,8.2344,0.001874631887362724,-9.820955087870002,4.101010084203334,-0.2522393194166066,2.821378926911114,0.13940502034314864,1.1034665148268896
M2_predictive_full,192827,BTCUSDT,test,-5.191874027252197,2.550818920135498,1.2378106117248535,-1.3209117650985718,0.7139320969581604,0.6815649271011353,0.7139320969581604,2.550818920135498,1.6643076860570871,2025-12-01,1764607225000000,0.0011717037521365358,1.85629,2.1,0.0015158785245494918,2.2730409967313054,4.9872368128025295,3.0349878530724212,-0.9345008001180717,1.5329739213583882,1.6558533917038896
M2_predictive_full,36247,BTCUSDT,train,-6.004507064819336,2.542759895324707,1.4973134994506836,-1.2902237176895142,0.6648264527320862,0.7122529745101929,0.6648264527320862,2.542759895324707,2.9331604375989957,2025-03-01,1740803535000000,0.0011597161681378898,4.74852,1.3271400000000002,0.003061183899834226,17.87866723183326,0.2655138590866085,-0.7854394305157217,-0.9400256347158545,0.5553567493302116,-0.09843983917175933
M2_predictive_full,255761,ETHUSDT,train,-7.145019054412842,2.523480176925659,1.4004342555999756,-1.1959409713745117,0.4880639910697937,0.8065357208251953,0.4880639910697937,2.523480176925659,5.622660664862329,2025-04-01,1743495395000000,0.05347607881299632,8.7177,86.68870000000001,0.0054487322295611665,-1.4140235689954872,-0.7790651541907221,-2.741869273430057,1.7329741763736723,-1.6083224472036435,3.2173247121832236
M2_predictive_full,387405,ETHUSDT,test,-4.018916130065918,2.5217738151550293,1.4575836658477783,-1.2365076541900635,0.563903272151947,0.7659690380096436,0.563903272151947,2.5217738151550293,0.45075503192440736,2025-12-01,1764547850000000,0.03425672330934859,16.005899999999997,8.4779,0.0053764866839076395,15.276943365337125,3.584867584483624,0.05932949083572368,0.8960591665076816,0.7964314687072042,3.037180205121301
M2_predictive_full,395015,ETHUSDT,test,-8.244827270507812,2.5191211700439453,1.9546185731887817,-1.276747226715088,0.6295722723007202,0.7257294654846191,0.6295722723007202,2.5191211700439453,8.968607364699537,2025-12-01,1764585995000000,0.03516056953007382,2022.9159,180.51319999999998,0.0005898705069762993,-0.3936476939230384,10.73284036720687,0.4654139365863075,0.9101947133339274,1.2877943872240825,0.5634842103591972
M2_predictive_full,116019,BTCUSDT,validation,-15.220924377441406,2.5077731609344482,2.5977940559387207,-1.3860557079315186,0.7784267663955688,0.6164209842681885,0.7784267663955688,2.5077731609344482,80.92671306165988,2025-08-01,1754009490000000,0.0008712025107458017,0.19351999999999997,4.894839999999999,0.002645394297303705,-13.27444558433817,-5.334588810993165,-0.5105489895158476,-1.0939393481420945,-0.7641825292980303,1.5944301533465741
M2_predictive_full,250440,ETHUSDT,train,-13.978391647338867,2.500765562057495,1.8467426300048828,-1.2432622909545898,0.5610393285751343,0.7592144012451172,0.5610393285751343,2.500765562057495,55.475559231930404,2025-04-01,1743468775000000,0.05446993940338138,0.7363,110.66080000000001,0.007645202131083739,-4.089009859227103,2.7757042012513393,0.710473777044903,1.1465526737293914,1.2064363251961188,3.6101891887366615
M2_predictive_full,389198,ETHUSDT,test,-9.043014526367188,2.497441291809082,1.9083768129348755,-1.2001330852508545,0.4752327799797058,0.8023436069488525,0.4752327799797058,2.497441291809082,12.123191123213683,2025-12-01,1764556815000000,0.03506243743463408,0.0894,31.3791,0.0030357194309810383,3.4839515986423852,3.6591586596117516,-2.708461259259729,0.9089948069255691,-1.6200748415030666,2.6270720451486125
M2_predictive_full,387533,ETHUSDT,test,-8.676630020141602,2.4843223094940186,1.5632046461105347,-1.2309627532958984,0.5262811779975891,0.7715139389038086,0.5262811779975891,2.4843223094940186,10.772658878277547,2025-12-01,1764548490000000,0.03459830502979183,7.3777,4.8885000000000005,0.004983685638583571,-4.3739130421660315,-1.284414918398657,1.7502421822431866,0.9018656153156406,1.5056944394692586,3.094729304378079
M2_predictive_full,359637,ETHUSDT,test,-6.406707763671875,2.4827840328216553,2.111943244934082,-1.3111302852630615,0.6603546142578125,0.6913464069366455,0.6603546142578125,2.4827840328216553,3.746242250240061,2025-10-01,1759308620000000,0.02315315930486988,51.6923,8.7901,0.003936302739468002,21.321540508604826,-1.8943144413074646,-0.642733191989979,0.6837636056602767,1.4699932407105187,1.7019834358539796
M2_predictive_full,350960,ETHUSDT,validation,-8.18166732788086,2.456800937652588,2.0080103874206543,-1.3007909059524536,0.6279717087745667,0.7016857862472534,0.6279717087745667,2.456800937652588,8.585886602316691,2025-09-01,1756759585000000,0.023328865856031222,4.3994,9.991399999999999,0.004530906392507783,19.090503309314514,3.254322498286741,1.536139745409543,0.6875014082549907,1.318077239781457,2.6722051979659143
M2_predictive_full,35234,BTCUSDT,train,-4.788632392883301,2.451324701309204,1.6079699993133545,-1.3559279441833496,0.7072195410728455,0.6465487480163574,0.7072195410728455,2.451324701309204,1.2345794444243485,2025-03-01,1740798470000000,0.0011758221579938387,10.28712,0.00266,0.0007411078523200137,1.4597088454359242,3.813550926629193,4.832191448822466,-0.9324910291835191,1.5371953042232367,0.7713064593769807
M2_predictive_full,387394,ETHUSDT,test,-4.67371940612793,2.4370923042297363,1.4238693714141846,-1.2678927183151245,0.5589662194252014,0.7345839738845825,0.5589662194252014,2.4370923042297363,1.0870699344703807,2025-12-01,1764547795000000,0.0340575675070994,13.5081,19.42519999999999,0.007958370929569419,-8.981479722461351,-2.7826709617129257,0.7182877592831104,0.8929952638767221,-1.6055771849838176,3.8711679890339523
M2_predictive_full,387968,ETHUSDT,test,-4.5144195556640625,2.4341845512390137,0.9081271886825562,-1.2538418769836426,0.5309934616088867,0.7486348152160645,0.5309934616088867,2.4341845512390137,0.9622749027014318,2025-12-01,1764550665000000,0.035198192220015204,19.195599999999995,16.17899999999999,0.0038560061104537325,-3.784823867761838,0.1425875905841847,2.649834367325119,0.9107613057045076,1.534428252640497,2.7855254806231167
M2_predictive_full,387412,ETHUSDT,test,-11.100521087646484,2.424370527267456,1.590391755104065,-1.2447254657745361,0.5056100487709045,0.7577512264251709,0.5056100487709045,2.424370527267456,25.202463652837952,2025-12-01,1764547885000000,0.03414839869695953,33.2627,8.8518,0.004819663172950192,-0.8650668986324258,2.385507818235531,1.3434849795039971,0.8950940411299066,1.4582363669086855,3.1285229307425877
M2_predictive_full,351630,ETHUSDT,validation,-5.12588357925415,2.420379638671875,1.1433148384094238,-1.275755763053894,0.5607200860977173,0.726720929145813,0.5607200860977173,2.420379638671875,1.732338704692381,2025-09-01,1756762935000000,0.023596453453561067,29.262900000000002,5.541199999999999,0.007052785139919003,3.8839143560325127,-4.349619862095341,2.570883000725441,0.6940956036727971,0.9894584320094889,3.51238301109931
M2_predictive_full,398527,ETHUSDT,test,-6.556380748748779,2.41971755027771,1.2606579065322876,-1.2530064582824707,0.5180357694625854,0.7494702339172363,0.5180357694625854,2.41971755027771,4.2848924201679495,2025-12-01,1764603820000000,0.036745725093337935,52.706399999999995,5.789199999999999,0.002709330376295776,-0.3250877079826866,5.5488669313442625,0.2330746488010133,0.9342892304810584,1.2990223175575684,2.38199306555253
M2_predictive_full,315139,ETHUSDT,train,-16.385818481445312,2.402207374572754,1.9228336811065674,-1.3505730628967285,0.6700514554977417,0.6519036293029785,0.6700514554977417,2.402207374572754,109.11534365547988,2025-07-01,1751396330000000,0.04154385265128103,96.67540000000001,1.2476,0.004775612623606017,-27.27123749395264,7.355007665439276,1.6173546148884999,3.18510680761139,1.2719055351997595,1.3484725466550413
M2_predictive_full,387390,ETHUSDT,test,-11.076587677001953,2.398315191268921,1.4843716621398926,-1.2283174991607666,0.44856932759284973,0.7741591930389404,0.44856932759284973,2.398315191268921,25.89340804825427,2025-12-01,1764547775000000,0.03405176890500843,8.631199999999996,9.3692,0.009460268059973423,-0.041067607902217966,1.2536745919927186,-0.015544469593888662,0.8921351526103317,0.8364772799109902,3.886619046443283
M2_predictive_full,250443,ETHUSDT,train,-4.480504035949707,2.3901665210723877,1.0718070268630981,-1.2963134050369263,0.57480388879776,0.7061632871627808,0.57480388879776,2.3901665210723877,0.918636066152957,2025-04-01,1743468790000000,0.05457636461372707,8.191099999999999,91.6895,0.007902268317195612,-5.257704907074935,1.38685377026205,0.3971455975961172,1.1485671685888188,1.1943453700116247,3.6462587838148086
M2_predictive_full,36260,BTCUSDT,train,-5.301176071166992,2.3809030055999756,1.1418734788894653,-1.4347386360168457,0.7742632627487183,0.5677380561828613,0.7742632627487183,2.3809030055999756,1.9357386102314817,2025-03-01,1740803600000000,0.0011634670637612307,20.324790000000007,4.04527,0.0016017158196621852,-1.0525043415580495,5.687539438070243,3.1515275082258105,-0.9382116383158224,0.9110591116560858,1.7530281858254595
M2_predictive_full,387391,ETHUSDT,test,-10.939836502075195,2.376706600189209,1.7550984621047974,-1.3019089698791504,0.5747137665748596,0.7005677223205566,0.5747137665748596,2.376706600189209,23.268316080757664,2025-12-01,1764547780000000,0.034011927983886095,6.4467,3.8708999999999985,0.009535362197482423,-7.399989388683912,-2.1149477135824677,-0.5037944793784117,0.8928179619729413,-0.10764249777169325,3.866309444064616
M2_predictive_full,192810,BTCUSDT,test,-4.174615859985352,2.3722214698791504,1.080876350402832,-1.3782455921173096,0.6922365427017212,0.6242311000823975,0.6922365427017212,2.3722214698791504,0.6883898544377912,2025-12-01,1764607140000000,0.0011742878627850869,8.060400000000001,0.017270000000000004,0.0020582908052305406,2.3978512700916688,3.435591080305189,2.801238987392421,-0.9332168645585013,1.5357040339872194,2.108236857936479
M2_predictive_full,350963,ETHUSDT,validation,-6.379228115081787,2.370063066482544,1.0285735130310059,-1.277482032775879,0.5252084136009216,0.7249946594238281,0.5252084136009216,2.370063066482544,3.971388372105887,2025-09-01,1756759600000000,0.02337068358131953,6.741199999999999,24.872400000000003,0.004786512843659264,-8.871075655652467,2.4601154029441434,0.480762732492229,3.30735524810592,0.08089578128980286,3.014602800226602
M2_predictive_full,40965,BTCUSDT,train,-6.57846736907959,2.364935874938965,1.9669467210769653,-1.4855763912200928,0.829277515411377,0.5169003009796143,0.829277515411377,2.364935874938965,3.963115621544775,2025-03-01,1740827530000000,0.0011806374739601621,89.84203000000001,24.27794,0.0005951879406902269,-0.3590730689892946,8.358165276514145,0.49330212243580046,-0.9302670215560018,1.1785247669297005,0.5763508764381005
M2_predictive_full,387535,ETHUSDT,test,-10.789737701416016,2.3590500354766846,1.5616031885147095,-1.292663812637329,0.5448781251907349,0.7098128795623779,0.5448781251907349,2.3590500354766846,22.883296215558303,2025-12-01,1764548500000000,0.03455777282141158,81.2685,0.1499,0.005366238533352725,11.839792085359909,2.235404380188793,0.08297597500180724,0.9003599463436697,0.4404882276310846,3.116421307609466
M2_predictive_full,260797,ETHUSDT,train,-3.593867063522339,2.346338987350464,0.9900745749473572,-1.255143404006958,0.4593973457813263,0.747333288192749,0.4593973457813263,2.346338987350464,0.04969291668294885,2025-04-01,1743520575000000,0.052422578404471155,23.315499999999997,70.15499999999999,0.005564914745484618,-1.8184096523549647,1.018447702312654,1.0212475844560378,1.1268259722979304,0.7122021180010133,3.235274392667021
M2_predictive_full,389906,ETHUSDT,test,-6.892489433288574,2.336052179336548,1.4729509353637695,-1.316459059715271,0.5699908137321472,0.686017632484436,0.5699908137321472,2.336052179336548,5.106737733934274,2025-12-01,1764560355000000,0.03549919860475203,6.751199999999999,17.09579999999999,0.001799812421585549,-8.84109216074681,6.212228324555129,0.02757421407044189,0.9155118492908266,1.087498142498004,1.2031501185446605
M2_predictive_full,30689,BTCUSDT,train,-7.256957530975342,2.334608793258667,2.185894250869751,-1.4976508617401123,0.8282734751701355,0.5048258304595947,0.8282734751701355,2.334608793258667,5.646535134757814,2025-02-01,1738442880000000,0.000990098960367508,51.4178,15.01842,0.0005772105214081799,-0.2914122967940458,8.213630224961918,1.231832177078063,-1.0257126994389396,1.4868023279352964,0.5412242912845037
M2_predictive_full,277231,ETHUSDT,train,-9.915908813476562,2.334258556365967,1.6737992763519287,-1.3335883617401123,0.5980067253112793,0.6688883304595947,0.5980067253112793,2.334258556365967,17.476023477896966,2025-05-01,1746108460000000,0.054440582187536404,56.856999999999985,24.8352,0.0014322846246263951,-0.6085072408328487,9.452787436760811,1.1261044317657254,1.1469360915155995,1.4749584025149625,1.622335697153988
M2_predictive_full,34809,BTCUSDT,train,-4.615420818328857,2.3277053833007812,0.9536460638046265,-1.3817262649536133,0.6695260405540466,0.6207504272460938,0.6695260405540466,2.3277053833007812,1.1446797400754039,2025-03-01,1740796345000000,0.0011742049936192304,3.3175800000000004,1.2969000000000002,0.002348705664068094,0.4509267543825311,3.2022064431626953,3.0365612579069516,-0.9331515912434784,1.5330764671618353,2.2676136280524264
M2_predictive_full,180886,BTCUSDT,test,-7.901891231536865,2.326992988586426,1.6510026454925537,-1.3789182901382446,0.6648587584495544,0.6235584020614624,0.6648587584495544,2.326992988586426,7.866732172492451,2025-12-01,1764547490000000,0.0011127677141701705,6.34559,0.32767999999999997,0.006806936437894175,1.0087613897016265,1.6397011065825728,0.7375736565232234,-0.9626321454532437,0.8124107695583378,3.475194565539954
M2_predictive_full,327742,ETHUSDT,validation,-5.885234832763672,2.319077253341675,1.4212095737457275,-1.3072096109390259,0.5401893854141235,0.6952670812606812,0.5401893854141235,2.319077253341675,3.053789173648485,2025-08-01,1754051445000000,0.027345678083296385,25.883500000000005,6.4327000000000005,0.0049886982741671184,9.00009601501548,4.033636570906992,-0.7032955733187195,0.7736216053836525,-0.6149482127533127,3.0476240047786436
M2_predictive_full,388048,ETHUSDT,test,-4.313398361206055,2.2973647117614746,1.0266035795211792,-1.3268694877624512,0.5588479042053223,0.6756072044372559,0.5588479042053223,2.2973647117614746,0.8471592959966379,2025-12-01,1764551065000000,0.035027926013186376,28.067799999999995,59.1107,0.002015572410674404,1.1925724604934578,0.33698989158439807,-4.907568623328195,0.9080196976367887,-1.61681360397386,2.1461032200981647
M2_predictive_full,359465,ETHUSDT,test,-6.946965217590332,2.2968475818634033,1.4597727060317993,-1.3396186828613281,0.5808262228965759,0.6628580093383789,0.5808262228965759,2.2968475818634033,5.144202570100665,2025-10-01,1759307760000000,0.023779431503487332,11.736500000000001,16.636800000000008,0.003964254114616188,-9.577586874039655,6.907063807807772,2.648011750807896,0.6980228743799666,1.5329744420103777,2.724125747368175
M2_predictive_full,260791,ETHUSDT,train,-10.540916442871094,2.2965784072875977,1.79032301902771,-1.353515386581421,0.6040844917297363,0.6489613056182861,0.6040844917297363,2.2965784072875977,21.71520514892174,2025-04-01,1743520545000000,0.05234163384405284,8.0197,37.186899999999994,0.004079183053772078,12.730358427357379,2.057249881138901,1.7384553624979364,1.1265928962142138,1.441194355096406,2.6829633625838776
M2_predictive_full,387385,ETHUSDT,test,-8.805824279785156,2.294071674346924,2.2691807746887207,-1.3801045417785645,0.6449125409126282,0.6223721504211426,0.6449125409126282,2.294071674346924,11.626819246951474,2025-12-01,1764547750000000,0.03419230091879339,46.327000000000005,0.038099999999999995,0.00885422732935538,-15.070093805135551,-2.4046686264220067,-1.2785689054341274,0.894658441625801,-0.9867903001149418,3.7362663863546812
M2_predictive_full,335102,ETHUSDT,validation,-11.390066146850586,2.290616512298584,1.9205344915390015,-1.3033652305603027,0.5093321800231934,0.6991114616394043,0.5093321800231934,2.290616512298584,25.798067716762,2025-08-01,1754088245000000,0.028938492681363403,65.97879999999999,2.0530999999999997,0.00396262982201925,-1.2780808189578245,2.606449179570859,1.2439749406055192,0.8053266927540854,1.2983964570053639,2.848413486807979
M2_predictive_full,398427,ETHUSDT,test,-4.603299617767334,2.286959171295166,1.2409377098083496,-1.2890262603759766,0.4770171046257019,0.7134504318237305,0.4770171046257019,2.286959171295166,1.1339446539002227,2025-12-01,1764603320000000,0.03640328284884184,11.094099999999997,10.228699999999993,0.0055536518365136055,-2.033559303213007,1.304570522733688,1.4071359832148351,0.9291982660333172,0.43565444233576783,3.232359388878098
M2_predictive_full,180883,BTCUSDT,test,-4.966026306152344,2.2861154079437256,1.2767863273620605,-1.3882184028625488,0.6520671248435974,0.6142582893371582,0.6520671248435974,2.2861154079437256,1.5883485008133142,2025-12-01,1764547475000000,0.001113824326325714,0.6051199999999999,3.4623199999999996,0.0066936158365054985,5.34896972800871,0.2601665965792749,-0.11414158457385756,-0.9619606001504702,0.09075969858461938,3.4454370077655376
M2_predictive_full,180946,BTCUSDT,test,-10.30724811553955,2.2710883617401123,2.008354902267456,-1.3054423332214355,0.49643707275390625,0.6970343589782715,0.49643707275390625,2.2710883617401123,19.833086552177196,2025-12-01,1764547790000000,0.0011215085540273917,0.6828900000000001,2.3802999999999996,0.0037504441355916277,3.1605700851899763,1.8197699856006413,-2.8479997241532646,1.0681729973581267,-1.6216240374378874,2.757564966549239
M2_predictive_full,329012,ETHUSDT,validation,-4.582327842712402,2.2709872722625732,0.9686198234558105,-1.4108078479766846,0.6760854721069336,0.5916688442230225,0.6760854721069336,2.2709872722625732,1.1439895066153976,2025-08-01,1754057795000000,0.027591420724242453,27.8362,21.124399999999998,0.0016219355973109875,5.49937726480821,1.915249896729844,4.3777289516075975,0.778888223813587,1.5164307169298863,1.5356483161172807
M2_predictive_full,277153,ETHUSDT,train,-9.46707820892334,2.270341157913208,1.660367488861084,-1.3127624988555908,0.5103251338005066,0.6897141933441162,0.5103251338005066,2.270341157913208,14.949828207707705,2025-05-01,1746108070000000,0.05463838947878202,35.8767,24.0373,0.004143389506210968,-1.4765186742625098,2.8263623093437023,1.7907071897369882,1.1487625174355942,1.49890418162115,2.915462463188646
M2_predictive_full,333369,ETHUSDT,validation,-8.168331146240234,2.2682623863220215,1.2755664587020874,-1.3785173892974854,0.6245875358581543,0.6239593029022217,0.6245875358581543,2.2682623863220215,8.598118787646726,2025-08-01,1754079580000000,0.02845383294402855,0.6112000000000001,84.36519999999999,0.0015695539721074096,-0.3856108197296329,8.859597045793393,1.1875019502887718,0.795369183465747,1.4564895168276784,1.7722486673779239
M2_predictive_full,250436,ETHUSDT,train,-6.647533893585205,2.268167018890381,1.2786118984222412,-1.3119986057281494,0.5069397687911987,0.6904780864715576,0.5069397687911987,2.268167018890381,4.751627381444105,2025-04-01,1743468755000000,0.05452310007437444,13.095199999999998,34.41460000000001,0.00724068159514692,4.066980277185851,-0.455887691971395,0.44767733591991027,1.1477923862601862,-0.9129590497658994,3.5477406254698023
M2_predictive_full,335346,ETHUSDT,validation,-9.880327224731445,2.2639925479888916,2.1054563522338867,-1.3852559328079224,0.6323117613792419,0.6172207593917847,0.6323117613792419,2.2639925479888916,16.975994593453912,2025-08-01,1754089465000000,0.028949299644700263,15.529,18.386800000000004,0.0019309677331681534,5.583366777351692,4.0630307276822615,3.248347729716423,0.8049905044192471,1.3609056544025577,1.8156649940530647
M2_predictive_full,359662,ETHUSDT,test,-6.477468490600586,2.2634801864624023,1.5103431940078735,-1.3702974319458008,0.607822835445404,0.6321792602539062,0.607822835445404,2.2634801864624023,4.334742435201397,2025-10-01,1759308745000000,0.023277494504109708,36.0316,0.1605,0.0032199535234271833,-7.96058497058567,-5.160695516016957,0.07121597923285748,0.6863442977325162,-0.09042559084329314,2.477895671463131
M2_predictive_full,190048,BTCUSDT,test,-7.292637825012207,2.257936716079712,1.4472384452819824,-1.4200572967529297,0.6812225580215454,0.5824193954467773,0.6812225580215454,2.257936716079712,6.207763748243232,2025-12-01,1764593330000000,0.0011752322402063314,0.026420000000000006,6.70085,0.0030980338470963566,0.6197595023959145,2.9298245122860798,1.5719782001799685,-0.9327709391123138,1.533881253976093,2.5407060807098145
M2_predictive_full,387536,ETHUSDT,test,-6.897912979125977,2.2512712478637695,1.3131271600723267,-1.359990119934082,0.5813921689987183,0.642486572265625,0.5813921689987183,2.2512712478637695,5.243509407047778,2025-12-01,1764548505000000,0.03457151203611869,6.061700000000001,28.6788,0.005059440546770555,-4.95390330364718,3.0199126546841932,2.1338877711144963,0.9008170177246971,1.5318334142090628,3.1930479332464365
M2_predictive_full,190212,BTCUSDT,test,-4.289625644683838,2.2496538162231445,0.998812198638916,-1.4660654067993164,0.7407631278038025,0.5364112854003906,0.7407631278038025,2.2496538162231445,0.8965237910127498,2025-12-01,1764594150000000,0.001164667641918185,3.2574500000000004,1.7003099999999998,0.002231422980975496,10.77596463651706,3.2469487330217808,1.004527237047447,-0.9377336827040872,1.534251423670612,1.87266851893894
M2_predictive_full,403231,ETHUSDT,test,-9.316959381103516,2.2463057041168213,1.6383699178695679,-1.3398566246032715,0.5416030883789062,0.6626200675964355,0.5416030883789062,2.2463057041168213,13.62959498759127,2025-12-01,1764627340000000,0.03568465470551607,12.236299999999998,17.638099999999998,0.0018248625286316257,-2.034976252299124,9.104679078879004,0.8257890765979119,0.9182781479000336,1.3449298512304968,1.8919466496838613
M2_predictive_full,387462,ETHUSDT,test,-8.074145317077637,2.244182586669922,2.171353340148926,-1.3773717880249023,0.605370044708252,0.6251049041748047,0.605370044708252,2.244182586669922,9.16269449678317,2025-12-01,1764548135000000,0.03427292558908571,85.63819999999998,0.051300000000000005,0.0021422640496336466,6.652958864439551,3.2029166145813144,2.719974336428569,0.8966744017808276,1.2666840485865465,2.3332045418516234
M2_predictive_full,387413,ETHUSDT,test,-9.723203659057617,2.242522954940796,2.039053201675415,-1.330923080444336,0.5216280221939087,0.6715536117553711,0.5216280221939087,2.242522954940796,16.038353701252916,2025-12-01,1764547890000000,0.034113800225367814,26.95629999999999,3.738899999999999,0.004722132589086665,8.01084528938724,0.5120066253318168,-0.8796354149224587,0.8943546559279162,0.8732624538242247,3.0654866335105533
M2_predictive_full,350969,ETHUSDT,validation,-9.37623119354248,2.2370975017547607,2.2348990440368652,-1.3523449897766113,0.556861937046051,0.6501317024230957,0.556861937046051,2.2370975017547607,14.700982236307935,2025-09-01,1756759630000000,0.2567816620556821,58.719800000000006,2.8739999999999997,0.004855892259388999,10.208942974669219,1.2314804306351095,0.13929650801052348,0.6885646885154729,0.7979614063038958,3.013043241365818
M2_predictive_full,328861,ETHUSDT,validation,-10.828141212463379,2.231881856918335,1.6397663354873657,-1.338895559310913,0.5277575254440308,0.663581132888794,0.5277575254440308,2.231881856918335,24.302288158343565,2025-08-01,1754057040000000,0.02797824970928718,0.23650000000000002,60.8479,0.003509506322650529,2.5771448746434644,1.7556015522249795,-3.3910169808359165,0.785545764665153,-1.613765755555585,2.6794901589662343
M2_predictive_full,387438,ETHUSDT,test,-9.087871551513672,2.224520206451416,2.1585094928741455,-1.4225480556488037,0.6627407073974609,0.5799286365509033,0.6627407073974609,2.224520206451416,13.249390088418856,2025-12-01,1764548015000000,0.03426094851510746,5.5714,8.702699999999997,0.003285327929205972,11.254117769879985,6.8298110015875215,-2.7721929598763384,0.8956747665667549,-1.613298250317652,2.4651061682298554
M2_predictive_full,244552,ETHUSDT,train,-7.2133660316467285,2.2094967365264893,1.4152785539627075,-1.403624415397644,0.6227560043334961,0.598852276802063,0.6227560043334961,2.2094967365264893,6.161790519836233,2025-03-01,1740847290000000,0.04552770018991211,84.4684,7.422899999999999,0.0037103165810649335,21.106613155539698,-0.18831003661947646,0.03566346230237611,1.0500214085129382,0.7039932242770828,1.1109126774328029
M2_predictive_full,116011,BTCUSDT,validation,-9.957071304321289,2.2021734714508057,2.380373954772949,-1.5468134880065918,0.8170454502105713,0.45566320419311523,0.8170454502105713,2.2021734714508057,18.142741177772557,2025-08-01,1754009450000000,0.0008700343167428065,5.126559999999998,1.1846400000000008,0.001039005250687366,-1.126671955041439,7.0789198042462464,0.518198449817201,-1.0961082184579656,1.4004158004527625,1.2294107760078052
M2_predictive_full,398425,ETHUSDT,test,-6.755703449249268,2.2014732360839844,1.396654725074768,-1.3750815391540527,0.5687385201454163,0.6273951530456543,0.5687385201454163,2.2014732360839844,5.115789566662905,2025-12-01,1764603310000000,0.03640195769807954,0.7035000000000001,15.768499999999996,0.005544629338706371,9.542350728554245,0.724669587179931,1.1348807048850225,0.9287541350085303,1.0784917204720672,3.1786224609714715
M2_predictive_full,387482,ETHUSDT,test,-7.440733432769775,2.197082042694092,1.9118740558624268,-1.3937737941741943,0.5973730087280273,0.6087028980255127,0.5973730087280273,2.197082042694092,7.016572177896599,2025-12-01,1764548235000000,0.034290083822858385,33.633500000000005,12.583499999999999,0.002183130854435988,-9.490358946596775,4.1229739485671075,1.2962170784994131,0.8969683253341271,1.2224679135745327,1.9764769132906093
M2_predictive_full,351626,ETHUSDT,validation,-6.8479084968566895,2.19460129737854,1.8226202726364136,-1.3513576984405518,0.5193869471549988,0.6511189937591553,0.5193869471549988,2.19460129737854,5.477797795764584,2025-09-01,1756762915000000,0.023608430568924896,10.586599999999999,56.405,0.006967858340086124,3.9838672102853154,0.9245162707530301,1.1939310068922757,0.6944759090758246,1.0905148579010295,3.4990699329377533
M2_predictive_full,331741,ETHUSDT,validation,-6.923893451690674,2.1931705474853516,1.141310214996338,-1.4018547534942627,0.6078262329101562,0.6006219387054443,0.6078262329101562,2.1931705474853516,5.416500564448318,2025-08-01,1754071440000000,0.028113460302426417,9.383999999999999,67.4769,0.002641731012867073,5.582714513021052,1.6556241824654327,3.247939715559777,0.7886409863055162,1.530453738691311,2.278286564363592
M2_predictive_full,278003,ETHUSDT,train,-9.046747207641602,2.192206621170044,1.572026252746582,-1.3523532152175903,0.5192015767097473,0.6501234769821167,0.5192015767097473,2.192206621170044,13.05189291383986,2025-05-01,1746112320000000,0.05362260943699426,36.59610000000001,3.1646999999999994,0.0031064046390904257,5.668792776138957,-0.27940761745931586,0.5521549080955913,1.1386239071993778,0.08585965622361519,3.253509884709051
M2_predictive_full,396437,ETHUSDT,test,-7.7285943031311035,2.1893272399902344,1.5397189855575562,-1.3349825143814087,0.4818716049194336,0.6674941778182983,0.4818716049194336,2.1893272399902344,7.919464098166021,2025-12-01,1764593370000000,0.035696118938624205,229.72670000000005,1.0264,0.0025453185876718053,-5.036058916081583,-8.109037119605995,-1.001980903589184,0.9187060305099153,0.7384949200894387,2.248091133407391
M2_predictive_full,34820,BTCUSDT,train,-6.713702201843262,2.189183235168457,1.6305657625198364,-1.679235816001892,0.9594661593437195,0.32324087619781494,0.9594661593437195,2.189183235168457,4.280523859906535,2025-03-01,1740796400000000,0.001170466713039931,0.32622,5.25074,0.0016396284677384298,1.7317494312851824,6.862711266394352,-0.2927398970263193,-0.9347302741226179,-0.6404572925512894,1.8130189411324886
M2_predictive_full,389192,ETHUSDT,test,-3.516481399536133,2.177428960800171,0.8727182149887085,-1.346403956413269,0.4941094219684601,0.656072735786438,0.4941094219684601,2.177428960800171,0.05106910893652649,2025-12-01,1764556785000000,0.03520587515721458,7.2353999999999985,16.075599999999998,0.003895692419121371,-0.22866403455222017,3.8236805519811865,0.8283111121705561,0.9109025690088097,0.7530880625085205,2.8127448212779056
M2_predictive_full,116024,BTCUSDT,validation,-8.049345970153809,2.177414655685425,2.113156795501709,-1.4426965713500977,0.6608449816703796,0.5597801208496094,0.6608449816703796,2.177414655685425,8.73490572032881,2025-08-01,1754009515000000,0.0008732502964849121,6.6652000000000005,1.4303000000000003,0.003673783549985782,-2.0155806075130567,1.9361040109941583,1.1672414013592736,-1.0934069341951793,0.9180394670419149,2.7506900563025787
M2_predictive_full,387411,ETHUSDT,test,-6.574443340301514,2.175823926925659,1.3220690488815308,-1.3618932962417603,0.5231138467788696,0.6405833959579468,0.5231138467788696,2.175823926925659,4.675081072905705,2025-12-01,1764547880000000,0.03419499009119302,34.142399999999995,0.8799,0.0050824263862877085,8.42298249896353,0.6579420187383518,-1.4233878027523987,0.8950143095498866,0.03030734575266473,3.1499068282696494
M2_predictive_full,193152,BTCUSDT,test,-6.000261306762695,2.170577049255371,1.5367357730865479,-1.4612796306610107,0.6838068962097168,0.5411970615386963,0.6838068962097168,2.170577049255371,3.2553776905449006,2025-12-01,1764608850000000,0.0011770253837074176,6.39044,0.9690799999999999,0.000948114950534463,0.5206959138858231,3.5252127421423607,4.938188002659707,-0.9316481324525598,1.5349974780926547,1.1350495064862616
M2_predictive_full,359670,ETHUSDT,test,-8.685654640197754,2.16770339012146,2.2328546047210693,-1.3989593982696533,0.5833539962768555,0.6035172939300537,0.5833539962768555,2.16770339012146,11.536678510189892,2025-10-01,1759308785000000,0.023319236855163704,43.3874,0.6979,0.0030696479232929425,-8.293657792564728,5.863278409868643,1.4966553656413406,0.6871423893145802,1.4044737576191781,2.388989893862687
M2_predictive_full,250434,ETHUSDT,train,-6.532984733581543,2.163597583770752,1.2976405620574951,-1.354358196258545,0.49730032682418823,0.6481184959411621,0.49730032682418823,2.163597583770752,4.5922664798045645,2025-04-01,1743468745000000,0.054530235652363784,6.9087,78.2029,0.007214612810755705,-1.1218381672028899,2.3750599045371312,-1.368440933706668,1.1478455801824294,-1.4348837042849893,3.544410599825352
M2_predictive_full,398203,ETHUSDT,test,-4.477034568786621,2.1621344089508057,1.2911988496780396,-1.3772485256195068,0.5401254296302795,0.6252281665802002,0.5401254296302795,2.1621344089508057,1.1134749122435443,2025-12-01,1764602200000000,0.03572698155315292,56.560300000000005,29.7898,0.006090366748883221,5.565560297271166,0.5787920549859623,-0.26879898490689524,0.9189210673114102,-1.3352840581366971,3.329593019164063
M2_predictive_full,41673,BTCUSDT,train,-6.367819309234619,2.161907196044922,1.6155644655227661,-1.5590081214904785,0.8093481063842773,0.4434685707092285,0.8093481063842773,2.161907196044922,3.952012417623835,2025-03-01,1740831120000000,0.0011820330264473754,69.46228,0.56182,0.0007668657022999227,-0.2817063921781589,7.426698876914792,0.9753330210896913,-0.9296263955622215,1.4530427208070282,0.8810090961134515
M2_predictive_full,255757,ETHUSDT,train,-5.392536640167236,2.157661199569702,1.522929310798645,-1.3934956789016724,0.5657628178596497,0.6089810132980347,0.5657628178596497,2.157661199569702,2.3580318779486844,2025-04-01,1743495375000000,0.05342636644605622,42.42229999999999,11.646700000000001,0.0055164727818679295,-8.657117395754167,6.526401202144503,0.9661322516346864,1.136921036577419,-0.6614106817725337,3.1844680166341917
M2_predictive_full,335091,ETHUSDT,validation,-7.1880292892456055,2.1551265716552734,1.750191330909729,-1.4274334907531738,0.6209771037101746,0.5750432014465332,0.6209771037101746,2.1551265716552734,6.223000215890691,2025-08-01,1754088190000000,0.02907420463942398,15.5484,19.687,0.0027635869707489584,-9.607353183789582,4.213218693819725,-0.847435557273712,0.8068626114480607,1.2651587790396186,2.1850074329280598
M2_predictive_full,387339,ETHUSDT,test,-6.506161212921143,2.148003339767456,1.6336336135864258,-1.3876547813415527,0.5472052693367004,0.6148219108581543,0.5472052693367004,2.148003339767456,4.595278098751522,2025-12-01,1764547520000000,0.03355271214881141,32.0072,44.99860000000001,0.00296259079077784,0.9251292694396073,1.3405204224131608,-3.5562246247240172,0.88451130189084,-1.6194678779551068,2.6112713259574565
M2_predictive_full,327746,ETHUSDT,validation,-6.7139787673950195,2.1448936462402344,1.8759204149246216,-1.393541693687439,0.5552566647529602,0.6089349985122681,0.5552566647529602,2.1448936462402344,5.221147488473226,2025-08-01,1754051465000000,0.027283082443249902,7.123200000000002,15.7662,0.00513367286426642,7.076722417356514,0.42856954322225316,2.418976368177543,0.7728972842048046,-0.8178218492855465,3.1110073394832045
M3_predictive_no_rv,387866,ETHUSDT,test,-9.736261367797852,102.1349105834961,2.7211244106292725,2.417820453643799,0.5976209044456482,4.447719097137451,0.5976209044456482,102.1349105834961,0.5403498600969326,2025-12-01,1764550155000000,0.03497659191503322,19.279799999999994,14.607500000000002,0.0017943359536021165,8.30567308840887,15.592395577363058,-1.4030840002956282,0.9071847411655645,-1.554640960928953,1.4046626241156515
M3_predictive_no_rv,398503,ETHUSDT,test,-10.27052116394043,50.881500244140625,3.0118420124053955,1.6964664459228516,0.6373921632766724,3.726365089416504,0.6373921632766724,50.881500244140625,2.5367591818890483,2025-12-01,1764603700000000,0.03658387126780869,28.152199999999986,28.768399999999996,0.0025689006850660033,5.360993194920948,9.511056374893759,-1.4135740214473507,0.9323988466779402,-1.6087324043182607,2.2382233819291644
M3_predictive_no_rv,334935,ETHUSDT,validation,-8.450088500976562,24.164043426513672,2.3597097396850586,0.9430913925170898,0.6509619951248169,2.972990036010742,0.6509619951248169,24.164043426513672,1.571037530779645,2025-08-01,1754087410000000,0.028649888337685572,35.09400000000001,15.079899999999997,0.0012487514893689154,5.8479576276699925,7.512819795023988,-0.7570114974047465,0.7995447928269723,-1.3071536454004655,1.1625956209816617
M3_predictive_no_rv,387438,ETHUSDT,test,-8.033988952636719,15.988049507141113,2.241870403289795,0.6305549144744873,0.4719916582107544,2.6604535579681396,0.4719916582107544,15.988049507141113,1.8497464100822647,2025-12-01,1764548015000000,0.03426094851510746,5.5714,8.702699999999997,0.003285327929205972,11.254117769879985,6.8298110015875215,-2.7721929598763384,0.8956747665667549,-1.613298250317652,2.4651061682298554
M3_predictive_no_rv,388770,ETHUSDT,test,-8.587791442871094,15.837519645690918,1.6870206594467163,0.5491468906402588,0.6055350303649902,2.579045534133911,0.6055350303649902,15.837519645690918,2.6579287145950037,2025-12-01,1764554675000000,0.034912483132081014,8.306199999999995,54.060400000000016,0.002271864299198343,4.245338500601897,7.54845805001325,-0.05552258538062028,0.9061277102081905,-1.5145591807642769,2.1126688432299154
M3_predictive_no_rv,394198,ETHUSDT,test,-8.655096054077148,11.204789161682129,2.154717206954956,0.16028660535812378,0.6725414395332336,2.190185308456421,0.6725414395332336,11.204789161682129,3.7329572783127207,2025-12-01,1764581860000000,0.0352119495263589,70.94760000000001,17.2748,0.0009018347448427767,3.51493170579398,9.280020081084036,-0.24268365076782228,0.9105933647664013,1.2206714139187531,0.7307874258929129
M3_predictive_no_rv,394158,ETHUSDT,test,-7.197841644287109,10.607524871826172,1.7884289026260376,0.008091459982097149,0.804454505443573,2.037990093231201,0.804454505443573,10.607524871826172,1.4601992130702257,2025-12-01,1764581615000000,0.035211205614843206,1021.8295999999998,103.52040000000002,0.0012421273287116722,6.333732131006085,8.96602022798624,0.20737308038445565,0.9109751239643582,1.2370432831935279,0.6245641491680203
M3_predictive_no_rv,387825,ETHUSDT,test,-7.600536346435547,9.158997535705566,1.9158704280853271,-0.05226817727088928,0.6886307001113892,1.9776304960250854,0.6886307001113892,9.158997535705566,2.372850356653131,2025-12-01,1764549950000000,0.034965096093588555,22.7423,2475.7323,0.0013602170535215834,1.2112613655860767,11.330963280924776,-1.6313434345732003,0.9071733642759411,-1.6049201185774045,1.6061804191694058
M3_predictive_no_rv,365133,ETHUSDT,test,-6.773143291473389,9.124759674072266,1.8350448608398438,-0.08215698599815369,0.7256032228469849,1.9477416276931763,0.7256032228469849,9.124759674072266,1.2253574976229828,2025-10-01,1759336100000000,0.02309268827807818,2.3659999999999997,175.75999999999996,0.0007233124884893632,2.1968467629891255,10.145660570838379,-1.9822934166128399,0.6820207312578999,-1.5667930475010754,0.6853595262030441
M3_predictive_no_rv,359648,ETHUSDT,test,-6.169942378997803,7.8755340576171875,1.5026261806488037,-0.1734568178653717,0.6439239978790283,1.856441855430603,0.6439239978790283,7.8755340576171875,0.8594429942815949,2025-10-01,1759308675000000,0.023203067443912467,0.20160000000000003,67.3166,0.005057935368443058,3.9820216973311555,6.910269118415961,-0.21114104972362185,0.6848585849343941,-1.2159050399088953,3.1190992495547953
M3_predictive_no_rv,401717,ETHUSDT,test,-8.676092147827148,7.767446994781494,1.9621751308441162,-0.293247789144516,0.7915689945220947,1.736650824546814,0.7915689945220947,7.767446994781494,4.87025264337548,2025-12-01,1764619770000000,0.036152048283820806,0.29900000000000004,24.2278,0.002592269740254596,7.372688810110915,8.088098713881205,1.8127666173942876,0.9250965176048108,1.3892949592031945,2.1747531178464814
M3_predictive_no_rv,402832,ETHUSDT,test,-7.8172478675842285,7.484408378601074,1.7450323104858398,-0.24132557213306427,0.6696999073028564,1.7885730266571045,0.6696999073028564,7.484408378601074,3.252868002863273,2025-12-01,1764625345000000,0.03577913539634706,10.363199999999999,2458.8986999999997,0.0010330130099784618,0.2301782913002161,11.276496148043595,-1.205613776976409,0.919655935350616,-1.4861525363585941,1.2615879189540333
M3_predictive_no_rv,387807,ETHUSDT,test,-9.370317459106445,7.3472394943237305,2.204256296157837,-0.2527924180030823,0.6591182351112366,1.7771062850952148,0.6591182351112366,7.3472394943237305,7.105851586837906,2025-12-01,1764549860000000,0.034892870166136396,2.7430999999999996,39.81669999999999,0.0017757841255362135,-0.3086936307738045,11.155517338253397,-0.42431741714053484,0.9061296026872437,-1.6021611360200387,2.0752249483751264
M3_predictive_no_rv,193974,BTCUSDT,test,-8.66414737701416,6.88702917098999,2.4730489253997803,-0.4960380494594574,0.8896957635879517,1.5338605642318726,0.8896957635879517,6.88702917098999,5.065935138320589,2025-12-01,1764612960000000,0.001170041074264006,0.01668,1.9083999999999999,0.0011862740972580178,1.3481830419823413,8.409716273568296,-2.2485618269812218,-0.9353649025208888,-1.3316428921712469,1.378122283255638
M3_predictive_no_rv,21978,BTCUSDT,train,-7.265961170196533,6.344438552856445,2.657297372817993,-0.48389407992362976,0.7766260504722595,1.5460045337677002,0.7766260504722595,6.344438552856445,2.5443136800956077,2025-02-01,1738398300000000,0.0009802960008443594,93.52904,9.056200000000002,0.00035253963163661353,-0.7597002639497488,10.559730381189562,2.0530652684450796,-1.0311086628248247,1.4179794187672636,-0.12557357110606424
M3_predictive_no_rv,403084,ETHUSDT,test,-9.449405670166016,6.292707443237305,1.3704298734664917,-0.3718835115432739,0.6022893190383911,1.6580151319503784,0.6022893190383911,6.292707443237305,8.239213100566355,2025-12-01,1764626605000000,0.03570950319231631,8.932500000000001,27.981,0.0009388963614991447,-0.9033971907387396,12.891480869496455,1.7455680295161682,0.9186363071773289,1.5271905605824463,1.107023622156972
M3_predictive_no_rv,390076,ETHUSDT,test,-7.7184858322143555,6.1775994300842285,1.8213982582092285,-0.4402700662612915,0.6801487803459167,1.5896285772323608,0.6801487803459167,6.1775994300842285,3.518172056491079,2025-12-01,1764561205000000,0.03539866865523478,23.546999999999997,1600.6271,0.0011838622482193647,0.9558178265135163,10.372489074435634,-1.508864963272166,0.9138488362458915,-1.562509215773954,1.7672629917090252
M3_predictive_no_rv,402828,ETHUSDT,test,-7.43809175491333,6.12694787979126,1.692407250404358,-0.4313826560974121,0.6544931530952454,1.5985159873962402,0.6544931530952454,6.12694787979126,3.1300144084431687,2025-12-01,1764625325000000,0.035778239317845933,68.5135,1785.8522,0.0010644566841542047,0.9240347210849925,9.74599762020735,-0.6915453587415915,0.9196384731349692,-1.525631607743625,1.2601526298505394
M3_predictive_no_rv,183840,BTCUSDT,test,-7.583385467529297,5.867364406585693,2.668320655822754,-0.6385331749916077,0.869528591632843,1.3913655281066895,0.869528591632843,5.867364406585693,3.271974754608878,2025-12-01,1764562260000000,0.0011602185885828604,1.10831,5.833560000000001,0.001716058999562188,0.5586010696683287,8.388314538204053,-1.9258768831405808,-0.939786563179136,-1.5705379792093614,1.8392124317170442
M3_predictive_no_rv,38094,BTCUSDT,train,-6.349411487579346,5.740592002868652,1.9753646850585938,-0.6162803769111633,0.8172440528869629,1.4136183261871338,0.8172440528869629,5.740592002868652,1.523875509596102,2025-03-01,1740812800000000,0.0011764705184148295,56.42351000000001,3.9530900000000004,0.0005826252033326057,2.0995094133342747,8.989746205491254,1.2857921211699708,-0.93218437125194,1.3380753664552734,0.30000978512724813
M3_predictive_no_rv,365122,ETHUSDT,test,-7.579964637756348,5.559383869171143,1.8600387573242188,-0.5482265949249268,0.6838352680206299,1.4816720485687256,0.6838352680206299,5.559383869171143,3.600398954720643,2025-10-01,1759336045000000,0.023073399946742623,59.84949999999999,2082.7275999999997,0.00026387081610672477,0.2022814497206321,10.197593540421687,-1.0377972511568643,0.6817579057336303,-1.538590377287207,-0.366212299314027
M3_predictive_no_rv,277196,ETHUSDT,train,-5.626406192779541,5.527742385864258,1.0596081018447876,-0.5323038101196289,0.6514363288879395,1.4975948333740234,0.6514363288879395,5.527742385864258,0.852859580356161,2025-05-01,1746108285000000,0.05452577569726692,175.52900000000002,11.707899999999999,0.0010978316524322624,2.5626934586109877,9.85484879281764,0.9515713859774697,1.148120498601598,1.4248053138098347,1.2075741323388955
M3_predictive_no_rv,394094,ETHUSDT,test,-6.868016719818115,5.442120552062988,1.5562654733657837,-0.6127272248268127,0.7443081736564636,1.4171714782714844,0.7443081736564636,5.442120552062988,2.4064905860789807,2025-12-01,1764581295000000,0.035236019669515305,816.5345,41.298300000000005,0.001243986946365509,4.680205719119209,8.015202658498138,0.31092580183972696,0.9113571521010663,1.377490683516209,1.1438161857241584
M3_predictive_no_rv,395249,ETHUSDT,test,-7.058387756347656,5.320186614990234,1.5439306497573853,-0.6244956254959106,0.7295277714729309,1.4054030179977417,0.7295277714729309,5.320186614990234,2.7610613774224446,2025-12-01,1764587375000000,0.035236019669515305,1523.4667,96.57849999999998,0.0008322196491044129,4.141458668947227,8.435112052866174,1.13760527670758,0.9113571521010663,1.3299851273978687,0.5676915236274848
M3_predictive_no_rv,388772,ETHUSDT,test,-7.836398601531982,5.2945733070373535,1.7588340044021606,-0.5522948503494263,0.6149447560310364,1.477603793144226,0.6149447560310364,5.2945733070373535,4.37535929987658,2025-12-01,1764554685000000,0.03488386289861714,36.980799999999995,35.7909,0.0020747154771469777,2.4602300870769644,7.685569546467072,-0.151252224566021,0.9061277102081905,-1.3285616421022357,2.0565906925221404
M3_predictive_no_rv,395473,ETHUSDT,test,-4.446225166320801,5.294026851654053,0.8241968750953674,-0.5867328643798828,0.6684510111808777,1.4431657791137695,0.6684510111808777,5.294026851654053,0.07443205048648384,2025-12-01,1764588550000000,0.03513561468796423,380.7293,27.3657,0.00047718443479780477,2.6629954961808293,9.347796267823309,0.8381472768939485,0.9098287462102339,1.4700924104483943,-0.8089531533146407
M3_predictive_no_rv,38127,BTCUSDT,train,-6.987664222717285,5.255569934844971,2.363896369934082,-0.6663186550140381,0.7690364718437195,1.3635799884796143,0.7690364718437195,5.255569934844971,2.6411696354425644,2025-03-01,1740812965000000,0.001176468859229704,146.61124999999998,3.2136000000000005,0.0005436977476880112,-0.5022844841056243,10.05255443733749,1.963350096665033,-0.9321851360479214,1.4831341874690833,0.45956500094643715
M3_predictive_no_rv,388179,ETHUSDT,test,-6.028224468231201,5.065028667449951,1.270780324935913,-0.6336327791213989,0.6724491119384766,1.3962658643722534,0.6724491119384766,5.065028667449951,1.4207577776764275,2025-12-01,1764551720000000,0.03505592296186889,2.8294999999999986,18.412899999999993,0.0017385198489806616,8.864246325742682,5.790338363585359,0.02760428392372013,0.9086277471489761,1.511912882162235,1.2265096431743145
M3_predictive_no_rv,365210,ETHUSDT,test,-7.34722375869751,5.021570682525635,1.801665186882019,-0.6535816192626953,0.6890945434570312,1.376317024230957,0.6890945434570312,5.021570682525635,3.519129338083618,2025-10-01,1759336485000000,0.023094714890475113,72.35759999999999,2734.691599999999,0.0003048178305642038,1.1389740925692704,9.194992377338254,-1.0537178077907046,0.6822586356848231,-1.539053993656666,-0.37395211749220814
M3_predictive_no_rv,387513,ETHUSDT,test,-8.038312911987305,4.997530937194824,1.7228305339813232,-0.6208987236022949,0.6323672533035278,1.4089999198913574,0.6323672533035278,4.997530937194824,5.131857308983188,2025-12-01,1764548390000000,0.034419320252030414,10.398699999999996,1.9363000000000006,0.0035190486100725752,4.127576450468749,6.40622352777429,-0.5925215054823489,0.8987986967006315,-1.240420874276123,2.6721029802832073
M3_predictive_no_rv,38734,BTCUSDT,train,-6.846378803253174,4.768757343292236,2.3567535877227783,-0.8148434162139893,0.8331032395362854,1.215055227279663,0.8331032395362854,4.768757343292236,2.4983545343101974,2025-03-01,1740816265000000,0.0011764705184148295,80.73640000000003,3.1362300000000003,0.0008872032383959031,3.022133658049155,8.806290990094197,2.6082068675454786,-0.93218437125194,1.5057296173608872,0.8124704471864445
M3_predictive_no_rv,192153,BTCUSDT,test,-9.6604642868042,4.584951877593994,2.3633100986480713,-0.8718430399894714,0.8540772795677185,1.1580555438995361,0.8540772795677185,4.584951877593994,10.867919049985636,2025-12-01,1764603855000000,0.0011919466138213034,1.6802,1.5504799999999999,0.0016866857421636537,0.7408552185041428,9.091076946253267,-4.517617702678261,-0.9254864096110442,-1.6224931561031632,1.8459204867874761
M3_predictive_no_rv,388858,ETHUSDT,test,-7.704364776611328,4.510111331939697,1.7484567165374756,-0.7546620965003967,0.6798310875892639,1.2752366065979004,0.6798310875892639,4.510111331939697,4.594663836432529,2025-12-01,1764555115000000,0.03494310389185207,55.047,1852.1494999999998,0.0006128600998598914,0.6560054991674668,9.960432341783138,-1.7207259480670487,0.9068302736182169,-1.5283746655248551,0.5967654767856447
M3_predictive_no_rv,395015,ETHUSDT,test,-7.765848636627197,4.449639320373535,1.745619773864746,-0.7144191861152649,0.5955560803413391,1.3154795169830322,0.5955560803413391,4.449639320373535,5.0756688013653415,2025-12-01,1764585995000000,0.03516056953007382,2022.9159,180.51319999999998,0.0005898705069762993,-0.3936476939230384,10.73284036720687,0.4654139365863075,0.9101947133339274,1.2877943872240825,0.5634842103591972
M3_predictive_no_rv,116103,BTCUSDT,validation,-4.8431901931762695,4.278813362121582,1.360973834991455,-0.8923392295837402,0.7951305508613586,1.137559413909912,0.7951305508613586,4.278813362121582,0.5304710366331272,2025-08-01,1754009910000000,0.0008664181226219311,6.973109999999999,3.40584,0.0008430276259771123,2.8901816933846707,1.7952294424780568,5.202367614341824,-1.0981220286688387,1.5367867318151376,1.02480759473355
M3_predictive_no_rv,40950,BTCUSDT,train,-9.924992561340332,4.263870716094971,2.5783305168151855,-0.9207209348678589,0.8258324265480042,1.1091777086257935,0.8258324265480042,4.263870716094971,11.412913008093692,2025-03-01,1740827455000000,0.0011805818597766624,1.7521100000000005,1.4248800000000004,0.0008353797445283257,-1.15611161170379,10.554080467473867,0.2051513666241154,-0.9302670215560018,1.3447858587715538,0.9505518061398426
M3_predictive_no_rv,393861,ETHUSDT,test,-7.151703357696533,3.943237543106079,1.4850218296051025,-0.8711045980453491,0.6530054807662964,1.1587940454483032,0.6530054807662964,3.943237543106079,3.8673687027459267,2025-12-01,1764580130000000,0.035173307681035354,1570.6281999999999,26.238799999999994,0.001416423308477038,2.5210160638772887,8.538447486099733,0.4275315551548683,0.9103911413032871,1.4561761385599223,1.5557778983167763
M3_predictive_no_rv,395540,ETHUSDT,test,-9.116212844848633,3.914458751678467,1.8345507383346558,-0.9017367362976074,0.6877719759941101,1.128161907196045,0.6877719759941101,3.914458751678467,9.788571285281108,2025-12-01,1764588885000000,0.03516118767536477,4350.891100000002,27.991899999999998,0.000747870420612225,2.9542408757757914,8.716470878386522,1.3094575411944276,0.9102042470527781,1.4626054549166585,0.7968644354191458
M3_predictive_no_rv,309515,ETHUSDT,train,-8.177423477172852,3.8207035064697266,1.6890519857406616,-0.8647266030311584,0.5920513272285461,1.1651721000671387,0.5920513272285461,3.8207035064697266,6.724377808419669,2025-07-01,1751368210000000,0.040716363702027594,5518.845000000001,59.220900000000015,0.00022379289866572647,-0.7905993756861245,11.395392159295017,1.5712363728515035,0.9897512391763624,1.5138634050832556,-0.7877654410649058
M3_predictive_no_rv,389195,ETHUSDT,test,-5.760629177093506,3.7856359481811523,1.2790369987487793,-0.8408418297767639,0.5332111120223999,1.1890568733215332,0.5332111120223999,3.7856359481811523,1.6727346522455364,2025-12-01,1764556800000000,0.035146975865497906,8.804,47.4854,0.003934087483051744,6.664953635586495,4.7310251202121805,-1.2289915068248374,1.286004192920358,-1.1612071994698372,2.7729223949936284
M3_predictive_no_rv,365245,ETHUSDT,test,-8.496991157531738,3.750244379043579,1.5651310682296753,-0.9504780173301697,0.6962763667106628,1.079420566558838,0.6962763667106628,3.750244379043579,7.962908959116524,2025-10-01,1759336660000000,0.023088049741398324,0.4157000000000001,88.10000000000001,0.00029141977854084796,0.7453524605234043,9.33828222439509,-1.9026973346038742,0.6822586356848231,-1.4936057502259552,-0.39129547346066446
M3_predictive_no_rv,390659,ETHUSDT,test,-7.278087139129639,3.699942111968994,1.509423017501831,-0.9521305561065674,0.6790420413017273,1.077768087387085,0.6790420413017273,3.699942111968994,4.248845204124022,2025-12-01,1764564120000000,0.035511426690098095,48.482,1161.5121999999997,0.0004912745966985297,0.3745382697746004,9.819003387491346,-2.063571717873749,0.9155985041608896,-1.4816605860377956,0.967279575697476
M3_predictive_no_rv,328752,ETHUSDT,validation,-7.340798854827881,3.676677703857422,1.3779456615447998,-0.9668174982070923,0.691271960735321,1.06308114528656,0.691271960735321,3.676677703857422,4.455183109144255,2025-08-01,1754056495000000,0.027905873489331667,0.16870000000000002,104.48439999999998,0.001818895814336859,1.3766898527578704,8.770339521847431,-1.5258968199059868,0.7849506287926217,-1.5379642154340647,1.9034886778549716
M3_predictive_no_rv,277216,ETHUSDT,train,-8.443520545959473,3.646585702896118,1.6508013010025024,-0.9236041307449341,0.6123670935630798,1.1062945127487183,0.6123670935630798,3.646585702896118,7.605845165662766,2025-05-01,1746108385000000,0.054380483931877055,66.8446,53.881,0.0009402286017877022,0.8301751047626826,10.869866098398232,1.7058322745189187,1.1469242900020762,1.5177206327583732,1.1962944294529518
M3_predictive_no_rv,365141,ETHUSDT,test,-7.464415073394775,3.6257543563842773,1.730570912361145,-0.9761271476745605,0.6845301985740662,1.0537714958190918,0.6845301985740662,3.6257543563842773,4.800023989620575,2025-10-01,1759336140000000,0.023084052498256066,68.7266,2367.6295000000005,0.0006333078220107896,0.5279488159071016,9.087135536560465,-1.1987874607448856,0.6820082129148423,-1.5180369270369953,0.8924299923267034
M3_predictive_no_rv,183685,BTCUSDT,test,-4.9079694747924805,3.5846712589263916,1.2853937149047852,-1.187851905822754,0.9323304295539856,0.8420467376708984,0.9323304295539856,3.5846712589263916,0.867059727617088,2025-12-01,1764561485000000,0.0011574074737806769,6.326150000000002,59.07798999999999,0.0004166099855505027,2.041653543144178,7.0964397025161405,-1.9189757937787382,-0.9410433827232698,-1.4087282405624428,-0.44720432880431704
M3_predictive_no_rv,194476,BTCUSDT,test,-6.580294609069824,3.390913486480713,1.6173474788665771,-1.284341812133789,0.9752359390258789,0.7455568313598633,0.9752359390258789,3.390913486480713,2.8299333525861115,2025-12-01,1764615470000000,0.0011731050871363466,3.20322,3.41377,0.0012125708465120133,2.4853086914083735,6.778971872729879,-1.0889239982917036,-0.933563540329377,-1.3569702684261797,1.3517447842225396
M3_predictive_no_rv,397933,ETHUSDT,test,-5.419440746307373,3.3249800205230713,1.093689203262329,-1.0594532489776611,0.6797327399253845,0.9704453945159912,0.6797327399253845,3.3249800205230713,1.4255412381901102,2025-12-01,1764600850000000,0.03556927739312154,2.5546999999999995,70.2144,0.001247730648260086,4.157989966551299,6.236471164933482,-1.2071580208959318,0.9162343964572472,-1.341300125432436,1.2305840354832918
M3_predictive_no_rv,331937,ETHUSDT,validation,-8.191290855407715,3.250209093093872,1.5221350193023682,-1.010213851928711,0.5639761090278625,1.0196847915649414,0.5639761090278625,3.250209093093872,7.418562194220525,2025-08-01,1754072420000000,0.028173577409759416,0.5881000000000001,23.7774,0.002339562370371747,8.469147143622813,1.621446333332096,-2.454540210534191,0.7903320402163473,0.8380039254268338,1.9453296212223157
M3_predictive_no_rv,40377,BTCUSDT,train,-6.773001194000244,3.198866367340088,2.27858829498291,-1.1866466999053955,0.7994304299354553,0.8432519435882568,0.7994304299354553,3.198866367340088,3.5537123295871056,2025-03-01,1740824590000000,0.0011764705184148295,98.12859000000002,4.797499999999999,0.0011333527971805547,-0.6260197034251287,9.14140694026887,0.7260491484950083,-0.9321844342616054,1.4090853405800672,1.3413512052789232
M3_predictive_no_rv,394998,ETHUSDT,test,-6.977697849273682,3.1966335773468018,1.4646750688552856,-1.094233751296997,0.6729538440704346,0.9356648921966553,0.6729538440704346,3.1966335773468018,4.073718844287703,2025-12-01,1764585910000000,0.03516168220596756,1777.7803999999999,121.92479999999999,0.000518982639441674,2.871594231839543,7.963067138556386,0.656627602992095,0.910211874128809,1.3359323013328588,-0.636472704129098
M3_predictive_no_rv,35093,BTCUSDT,train,-7.164527893066406,3.184389352798462,1.7571943998336792,-1.1853089332580566,0.792048990726471,0.8445897102355957,0.792048990726471,3.184389352798462,4.380189376831765,2025-03-01,1740797765000000,0.0011715847346915683,3.41909,1.4918600000000002,0.0010715372482773039,2.6321065219642183,1.8619702723269647,4.8509144702967815,-0.9347281786189389,1.5364816083448491,1.1734397970425459
M3_predictive_no_rv,395069,ETHUSDT,test,-8.142072677612305,3.0799365043640137,1.6749300956726074,-1.0839813947677612,0.5983173847198486,0.9459172487258911,0.5983173847198486,3.0799365043640137,7.414976317170581,2025-12-01,1764586315000000,0.03516168220596756,5274.5028,47.284800000000004,0.00016685251841348144,-0.5382813183807938,10.826004055734792,1.8797344237768898,0.910211874128809,1.5265029123770513,-1.140296137789752
M3_predictive_no_rv,394930,ETHUSDT,test,-8.224928855895996,2.9938411712646484,1.4627476930618286,-1.1152600049972534,0.6031892895698547,0.9146386384963989,0.6031892895698547,2.9938411712646484,7.880353751730799,2025-12-01,1764585570000000,0.035210957650789264,3715.590200000001,11.3464,0.00010696516891602254,-0.43558578099823525,10.900728390552,2.219380787806217,0.9109674861460615,1.5090120715203845,-1.842112327480611
M3_predictive_no_rv,41487,BTCUSDT,train,-7.039148807525635,2.9218430519104004,1.72883939743042,-1.2646260261535645,0.7835074663162231,0.7652726173400879,0.7835074663162231,2.9218430519104004,4.424166378554489,2025-03-01,1740830190000000,0.0011820327470070265,123.91822000000002,0.2605299999999998,0.00012391737937457334,-0.5553551083740366,8.527470107908757,2.1145316709608526,-0.929626523763114,1.473599331164468,-1.7958197583506599
M3_predictive_no_rv,274495,ETHUSDT,train,-5.60270357131958,2.8810858726501465,1.0263274908065796,-1.1950743198394775,0.6683456301689148,0.8348243236541748,0.6683456301689148,2.8810858726501465,1.9827336825096114,2025-05-01,1746094780000000,0.05470444555671841,473.22549999999995,25.377100000000002,0.0011963165546346748,6.206207455871191,4.834189612643995,0.03822828537390982,1.1498915907670115,1.2261189069628162,0.5135817690935546
M3_predictive_no_rv,395258,ETHUSDT,test,-6.9388651847839355,2.8709018230438232,1.3761414289474487,-1.2095916271209717,0.6845718026161194,0.8203070163726807,0.6845718026161194,2.8709018230438232,4.404098362155731,2025-12-01,1764587420000000,0.03522311199793691,1938.3241999999998,45.99069999999999,0.0009753154476719273,3.1044071292824773,7.688845466598229,0.7976225178142832,0.9111584638830951,1.4427020733915483,1.0482569130989234
M3_predictive_no_rv,38099,BTCUSDT,train,-6.425608158111572,2.855037212371826,2.0327651500701904,-1.3208422660827637,0.8246556520462036,0.7090563774108887,0.8246556520462036,2.855037212371826,3.1796201340216665,2025-03-01,1740812825000000,0.0011764705184148295,78.04123000000001,4.3769599999999995,0.000716121945625138,1.7523524923187968,7.792931876100216,1.3413224181059904,-0.93218437125194,1.3781422508328351,0.6882244169591186
M3_predictive_no_rv,390110,ETHUSDT,test,-7.543758869171143,2.8322787284851074,1.572532296180725,-1.2181564569473267,0.6772584319114685,0.8117421865463257,0.6772584319114685,2.8322787284851074,6.013601260452163,2025-12-01,1764561375000000,0.03539829274111381,80.63890000000004,1322.1551999999997,0.0002972289806886233,0.685369039056907,8.999848934770812,-1.9856030142232572,0.9138488362458915,-1.4215477794280906,-0.3422686550708813
M3_predictive_no_rv,190065,BTCUSDT,test,-10.992231369018555,2.7773218154907227,3.123120069503784,-1.3572492599487305,0.8352697491645813,0.6726493835449219,0.8352697491645813,2.7773218154907227,22.27822750495638,2025-12-01,1764593415000000,0.0011754749603275804,3.67847,0.17530000000000004,0.0020032118091931604,7.638376887141548,2.812783872334377,-1.9834444579234018,-0.9319697726269628,-0.2972987545361247,1.796257387985419
M3_predictive_no_rv,397691,ETHUSDT,test,-4.557610988616943,2.7594213485717773,1.1886082887649536,-1.2300397157669067,0.6559908390045166,0.7998589277267456,0.6559908390045166,2.7594213485717773,0.8621062729042769,2025-12-01,1764599640000000,0.03550083693300558,49.147200000000005,43.2287,0.0016111870019783518,6.070635320495547,4.7705593963917305,-1.301777304979405,0.9152404204319139,-1.5182557605774747,1.4511995613326814
M3_predictive_no_rv,335100,ETHUSDT,validation,-4.842006206512451,2.741097927093506,1.0697661638259888,-1.2660839557647705,0.6993480920791626,0.7638146877288818,0.6993480920791626,2.741097927093506,1.1089407955666897,2025-08-01,1754088235000000,0.028971945016357654,14.902999999999999,33.1454,0.004020942610204813,6.8127987629913145,4.743736127648256,1.4754788901182374,0.8052182728047315,1.5319542249349316,2.7987816575989224
M3_predictive_no_rv,389927,ETHUSDT,test,-7.324897289276123,2.736748456954956,1.5042524337768555,-1.250246286392212,0.6739705801010132,0.7796523571014404,0.6739705801010132,2.736748456954956,5.506746401706763,2025-12-01,1764560460000000,0.03541082756951864,23.377999999999997,921.0693999999999,0.0015718954472655469,0.3734621303355133,9.07277206148162,-1.7948076969314988,0.9140427518581296,-1.5584757938486267,1.7342408879006794
M3_predictive_no_rv,38151,BTCUSDT,train,-6.635324001312256,2.729287624359131,1.9836174249649048,-1.3372414112091064,0.7891557216644287,0.6926572322845459,0.7891557216644287,2.729287624359131,3.649580571817549,2025-03-01,1740813085000000,0.0011764702415983186,110.30175000000001,2.3436700000000004,0.00021708321975287507,-0.38615194680771525,8.280011388659421,2.0561150435685267,-0.9321844988495344,1.4616297838045411,-0.6725920207040457
M3_predictive_no_rv,2704,BTCUSDT,train,-6.5884318351745605,2.706387996673584,1.846082329750061,-1.3924126625061035,0.8463200926780701,0.6374859809875488,0.8463200926780701,2.706387996673584,3.645087663108884,2025-01-01,1735704220000000,0.0010666606928079934,5.42575,40.20611000000002,0.00017772146303940398,-0.001098909349596965,7.654820342321078,-3.0005325945707417,-0.9853211593440663,-1.6047915538320117,-0.8534367908762022
M3_predictive_no_rv,28016,BTCUSDT,train,-6.618756294250488,2.70418119430542,2.7074666023254395,-1.3734335899353027,0.8225984573364258,0.6564650535583496,0.8225984573364258,2.70418119430542,3.7562008489254723,2025-02-01,1738429215000000,0.000979888906541607,5.907650000000001,1.0343899999999997,0.0014305246485042077,6.539173875901567,3.288491649152512,-0.8069959290874243,-1.0315647995292208,1.2634201530350584,1.0710957049634677
M3_predictive_no_rv,363393,ETHUSDT,test,-7.085535526275635,2.698652744293213,0.8697255253791809,-1.148585557937622,0.47210076451301575,0.8813130855560303,0.47210076451301575,2.698652744293213,5.328824406876268,2025-10-01,1759327400000000,0.0232193379939613,278.67560000000003,1.0049000000000001,0.001504112520249917,4.817070397335725,4.267811897990459,0.8715490042870911,3.2768234063295583,0.3596368516965526,1.473824084506255
M3_predictive_no_rv,277991,ETHUSDT,train,-5.1513895988464355,2.6707634925842285,1.5487405061721802,-1.2819545269012451,0.6847193837165833,0.7479441165924072,0.6847193837165833,2.6707634925842285,1.4930027000527903,2025-05-01,1746112260000000,0.05366980724483847,14.401800000000005,46.6394,0.005189858022396858,28.28104442695876,-4.123044870763254,0.7337570767269896,1.1393129557680266,-0.4726247797561979,1.9887341600557416
M3_predictive_no_rv,38189,BTCUSDT,train,-4.261981010437012,2.6541683673858643,1.0467616319656372,-1.4272422790527344,0.8642627000808716,0.602656364440918,0.8642627000808716,2.6541683673858643,0.6807744899803986,2025-03-01,1740813400000000,0.0011764705184148295,22.042019999999994,15.520990000000001,9.957379009459118e-05,-0.4151855411314406,8.580939405990032,0.18301858778151148,-0.93218437125194,0.9882729693600948,-1.9538946778635469
M3_predictive_no_rv,38206,BTCUSDT,train,-6.356736183166504,2.6312038898468018,2.0058960914611816,-1.4089524745941162,0.8324605226516724,0.6209461688995361,0.8324605226516724,2.6312038898468018,3.213073841517402,2025-03-01,1740813595000000,0.0011764705184148295,84.69760999999997,12.35612,0.0003642484697619016,1.5123974448824968,7.597291280823832,1.591887462612202,-0.93218437125194,1.1302441337955718,-0.41283346955797906
M3_predictive_no_rv,395559,ETHUSDT,test,-8.305880546569824,2.6128273010253906,1.5491827726364136,-1.2511236667633057,0.6027567982673645,0.7787749767303467,0.6027567982673645,2.6128273010253906,8.785229169579294,2025-12-01,1764588980000000,0.03516168220596756,4304.2972,44.9945,0.0001445350147008262,-0.6622116227671203,10.866960275918503,2.994127950724883,0.910188993222524,1.5221251989780016,-1.6517494112618745
M3_predictive_no_rv,30689,BTCUSDT,train,-7.166123867034912,2.5949220657348633,2.596928596496582,-1.4027732610702515,0.8079988956451416,0.6271253824234009,0.8079988956451416,2.5949220657348633,5.083522781804986,2025-02-01,1738442880000000,0.000990098960367508,51.4178,15.01842,0.0005772105214081799,-0.2914122967940458,8.213630224961918,1.231832177078063,-1.0257126994389396,1.4868023279352964,0.5412242912845037
M3_predictive_no_rv,394865,ETHUSDT,test,-5.96694278717041,2.580758810043335,1.5129069089889526,-1.2619903087615967,0.6002916693687439,0.7679083347320557,0.6002916693687439,2.580758810043335,2.8786898289612046,2025-12-01,1764585245000000,0.03523030933889807,16.3087,174.66569999999996,0.00029892512401306866,-0.3736546171269275,10.114898267755112,1.7200748006832813,0.9111661043916879,1.348474066871295,-0.26331166532388706
M3_predictive_no_rv,34820,BTCUSDT,train,-6.764254093170166,2.5668838024139404,2.012820243835449,-1.5982354879379272,1.0109692811965942,0.4316631555557251,1.0109692811965942,2.5668838024139404,3.6662340483832843,2025-03-01,1740796400000000,0.001170466713039931,0.32622,5.25074,0.0016396284677384298,1.7317494312851824,6.862711266394352,-0.2927398970263193,-0.9347302741226179,-0.6404572925512894,1.8130189411324886
M3_predictive_no_rv,402063,ETHUSDT,test,-6.716401100158691,2.5551319122314453,1.2309880256652832,-1.343483328819275,0.7094907164573669,0.6864153146743774,0.7094907164573669,2.5551319122314453,4.2789588902365265,2025-12-01,1764621500000000,0.03633648309995088,2.5326,152.1732,0.0014587055193208776,5.5317309524700455,4.141355141900998,3.039704220411297,0.9280363990571244,1.5344841336630612,1.3266932010787336
M3_predictive_no_rv,30332,BTCUSDT,train,-6.484678745269775,2.5541558265686035,1.9029622077941895,-1.4786559343338013,0.879180371761322,0.5512427091598511,0.879180371761322,2.5541558265686035,3.378948488231536,2025-02-01,1738441095000000,0.0009850729429040697,6.917540000000002,0.7216599999999999,0.0007331091123008728,3.443437809848095,7.26078290918424,1.0350934918008865,-1.0283906794289213,1.3057403981001061,0.23099446993168793
M3_predictive_no_rv,4424,BTCUSDT,train,-6.19852352142334,2.5449748039245605,1.9082000255584717,-1.5321059226989746,0.9341606497764587,0.49779272079467773,0.9341606497764587,2.5449748039245605,2.9896521195609,2025-01-01,1735714600000000,0.0010669842590814071,20.66883,37.80250000000001,3.787499174996204e-05,0.15627625263148098,7.16043703890627,-0.9772319633148054,-0.9851566833243713,-0.9599254674631165,-3.1007153887521426
M3_predictive_no_rv,38193,BTCUSDT,train,-6.361023426055908,2.5346622467041016,1.845556616783142,-1.4404361248016357,0.8253457546234131,0.5894625186920166,0.8253457546234131,2.5346622467041016,3.4215218160939935,2025-03-01,1740813420000000,0.0011764705184148295,88.03377999999996,1.8472300000000001,0.00026779144441225545,1.0318253011298582,7.638191092984014,2.771278392424951,-0.93218437125194,1.4964207808471481,-0.7012419537995188
M3_predictive_no_rv,395347,ETHUSDT,test,-7.190316200256348,2.526498556137085,1.4193342924118042,-1.3323568105697632,0.6771889925003052,0.6975418329238892,0.6771889925003052,2.526498556137085,5.515098578288148,2025-12-01,1764587865000000,0.03516168220596756,1926.7771999999998,39.6879,0.001061547753711766,2.582194623561775,8.159353018355786,1.6165423920982231,0.910211874128809,1.497257966539304,1.1728779899528263
M3_predictive_no_rv,395026,ETHUSDT,test,-7.582245826721191,2.5221364498138428,1.5028140544891357,-1.2770498991012573,0.5869542360305786,0.752848744392395,0.5869542360305786,2.5221364498138428,6.798823901598057,2025-12-01,1764586050000000,0.03516168220596756,3671.1625000000013,67.36160000000002,0.0004244330851301926,-0.5176213645157517,9.292801465578064,0.4259626338066944,0.910211874128809,1.4421046830745607,0.24156758890697572
M3_predictive_no_rv,388021,ETHUSDT,test,-8.85721492767334,2.518784999847412,2.1708571910858154,-1.4140095710754395,0.7847134470939636,0.6158890724182129,0.7847134470939636,2.518784999847412,11.155730816023254,2025-12-01,1764550930000000,0.03513240525306145,11.165400000000002,16.412799999999994,0.002526590746384006,5.18759637674743,6.4503578930585075,0.9169807676580968,0.9102423834810325,1.4953656783367213,2.2795442607915932
M3_predictive_no_rv,40965,BTCUSDT,train,-6.516703128814697,2.5136218070983887,2.2269058227539062,-1.4545875787734985,0.8323624134063721,0.5753110647201538,0.8323624134063721,2.5136218070983887,3.7283731318469506,2025-03-01,1740827530000000,0.0011806374739601621,89.84203000000001,24.27794,0.0005951879406902269,-0.3590730689892946,8.358165276514145,0.49330212243580046,-0.9302670215560018,1.1785247669297005,0.5763508764381005
M3_predictive_no_rv,394830,ETHUSDT,test,-7.501821994781494,2.507676601409912,1.6089540719985962,-1.2852017879486084,0.5910326242446899,0.744696855545044,0.5910326242446899,2.507676601409912,6.618844118163126,2025-12-01,1764585070000000,0.03521926634823148,103.9386,6.6241,0.00042376673156316525,-0.7875583126560651,10.296641987359445,1.8466768333596482,0.911152733547634,1.5289838874221204,0.12058232416112528
M3_predictive_no_rv,250432,ETHUSDT,train,-13.757804870605469,2.5038702487945557,3.00753116607666,-1.3436360359191895,0.6805512309074402,0.6862626075744629,0.6805512309074402,2.5038702487945557,56.196036485794494,2025-04-01,1743468735000000,0.05448745017798819,31.131900000000005,12.994099999999998,0.00691270887630725,36.8901112395883,-2.165925411091009,-0.9522548098296458,1.1466057461795613,-0.6765770509777262,2.502320885361239
M3_predictive_no_rv,389474,ETHUSDT,test,-7.035367965698242,2.496913433074951,1.7489744424819946,-1.2794466018676758,0.5737652778625488,0.7504520416259766,0.5737652778625488,2.496913433074951,5.268014002792337,2025-12-01,1764558195000000,0.03521641366685019,3.1705999999999994,155.91500000000002,0.0016171309322337625,8.030905549377026,4.158132021865994,-0.7092398517941214,0.9108701133664737,-1.417399883410555,1.0527669911223647
M3_predictive_no_rv,388764,ETHUSDT,test,-10.501094818115234,2.4945228099823,1.9687296152114868,-1.355284571647644,0.6920742988586426,0.6746140718460083,0.6920742988586426,2.4945228099823,20.16075610810222,2025-12-01,1764554645000000,0.03494640095829419,9.9868,43.4062,0.0019365285395026783,1.2934598100949695,8.545310279398771,-2.207284962946948,0.9071714681755357,-1.5474574220476855,2.0130011962011576
M3_predictive_no_rv,328930,ETHUSDT,validation,-4.5228776931762695,2.480214834213257,0.8567506074905396,-1.3735601902008057,0.7099390029907227,0.6563384532928467,0.7099390029907227,2.480214834213257,1.0115141979049531,2025-08-01,1754057385000000,0.027677791755666762,11.759800000000002,84.87159999999997,0.0012143784624110351,3.969023258951566,3.9551209683562503,3.466504897790096,0.7804740321717039,1.5229950188132484,1.2246541091206637
M3_predictive_no_rv,401800,ETHUSDT,test,-6.875401496887207,2.474968671798706,1.5475366115570068,-1.4098656177520752,0.756564199924469,0.6200330257415771,0.756564199924469,2.474968671798706,4.714639338401416,2025-12-01,1764620185000000,0.0363147105453136,2.2371999999999996,36.31759999999999,0.001369869027869721,4.245748486438654,7.0971269765648595,1.9220420457255298,0.9275538418521337,1.5346680399447956,1.3951864612138918
M3_predictive_no_rv,347244,ETHUSDT,validation,-6.316064357757568,2.4671733379364014,1.5145437717437744,-1.3854126930236816,0.7191482186317444,0.6444859504699707,0.7191482186317444,2.4671733379364014,3.48742626221656,2025-09-01,1756741000000000,0.022867622762473498,0.6443999999999998,62.79099999999998,0.0010732358954960875,3.8041997481960594,3.7696850108210858,3.633924803358989,0.6770772287366685,1.5038848095253055,1.013541100319806
M3_predictive_no_rv,402810,ETHUSDT,test,-5.293468475341797,2.466787576675415,1.2939088344573975,-1.2898473739624023,0.5707284212112427,0.74005126953125,0.5707284212112427,2.466787576675415,1.9005859743028863,2025-12-01,1764625235000000,0.03578323233594114,16.720599999999997,92.9988,0.001272744981047914,6.919461270461201,4.021765195913464,-0.7533524163398464,0.9196035503165044,-1.0420628191657444,0.8890529446161941
M3_predictive_no_rv,387650,ETHUSDT,test,-8.296483993530273,2.4526705741882324,1.2420814037322998,-1.3793766498565674,0.7023608684539795,0.650521993637085,0.7023608684539795,2.4526705741882324,9.135176658916604,2025-12-01,1764549075000000,0.03461926596845935,100.76729999999999,12.7534,0.00275401215732024,5.43672297869515,4.738785633894239,2.1422153348681534,0.9021510948031092,1.4785140759110245,2.33479586481053
M3_predictive_no_rv,333363,ETHUSDT,validation,-5.203163146972656,2.4519999027252197,1.0000998973846436,-1.4047203063964844,0.7371914386749268,0.625178337097168,0.7371914386749268,2.4519999027252197,1.7446779682737061,2025-08-01,1754079550000000,0.028497213684258088,98.81579999999998,0.6575999999999999,0.0014573065536973074,6.183293415253271,3.784018234263761,3.6489677416752975,0.7964255339766304,1.5173326425868898,1.3197235487656809
M3_predictive_no_rv,395505,ETHUSDT,test,-7.637234210968018,2.4489896297454834,1.4177716970443726,-1.3469141721725464,0.6522132754325867,0.682984471321106,0.6522132754325867,2.4489896297454834,7.013973860036365,2025-12-01,1764588710000000,0.035148952472512755,1942.9208,32.041900000000005,0.000320642412368186,1.7341206502963058,8.932913265604688,1.8726433245438632,0.9100155110710239,1.4687143638516955,-0.968762050379055
M3_predictive_no_rv,390081,ETHUSDT,test,-7.21684455871582,2.4479598999023438,1.4863879680633545,-1.3769667148590088,0.6961652636528015,0.6529319286346436,0.6961652636528015,2.4479598999023438,5.670035886685475,2025-12-01,1764561230000000,0.03539829274111381,40.0251,1337.9203999999997,0.0005056257913775439,1.8088532365920844,8.056995922710277,-1.974627265343568,0.9138488362458915,-1.5600458035156468,0.23038944763857924
M3_predictive_no_rv,169085,BTCUSDT,test,-7.0160675048828125,2.442997455596924,1.9768468141555786,-1.6854169368743896,1.0476106405258179,0.3444817066192627,1.0476106405258179,2.442997455596924,4.657790881394511,2025-11-01,1761970005000000,0.0009051878619884788,2.07943,2.72288,0.0005643351621860446,2.4275423557136753,6.503231747637012,0.20470342357950974,-1.0744601290176277,-1.0495093526919759,0.062228461312900905
M3_predictive_no_rv,38054,BTCUSDT,train,-6.373514175415039,2.442108631134033,2.0732152462005615,-1.4568811655044556,0.7998054623603821,0.5730174779891968,0.7998054623603821,2.442108631134033,3.5601460010070167,2025-03-01,1740812590000000,0.0011764705184148295,85.91362000000001,8.668730000000002,4.618008941243036e-05,-0.20780020012388048,7.973025810794165,1.69826599745923,-0.9321844342616054,1.3544377107285217,-2.8312972566898282
M3_predictive_no_rv,129210,BTCUSDT,validation,-4.547255516052246,2.424776554107666,1.2227013111114502,-1.4702069759368896,0.8075241446495056,0.5596916675567627,0.8075241446495056,2.424776554107666,1.0338899607301448,2025-08-01,1754075560000000,0.0008789638242451456,2.0592100000000007,1.95059,0.0007994693111673472,2.2110779635711784,1.8885460046306928,4.504372955808009,-1.0902511414466318,1.5358157611651162,1.0413602100838593
M3_predictive_no_rv,335346,ETHUSDT,validation,-9.782354354858398,2.3953449726104736,2.256908655166626,-1.4199841022491455,0.726102888584137,0.6099145412445068,0.726102888584137,2.3953449726104736,16.055353201160287,2025-08-01,1754089465000000,0.028949299644700263,15.529,18.386800000000004,0.0019309677331681534,5.583366777351692,4.0630307276822615,3.248347729716423,0.8049905044192471,1.3609056544025577,1.8156649940530647
M3_predictive_no_rv,6044,BTCUSDT,train,-6.276585578918457,2.3835623264312744,1.8252772092819214,-1.5739192962646484,0.908423662185669,0.4559793472290039,0.908423662185669,2.3835623264312744,3.339618636901775,2025-01-01,1735723830000000,0.0010741151822863486,0.5582999999999999,49.05309,0.0005732947789975435,0.20088042596537145,6.9331218745354155,-0.9550782538783472,-0.9815444814243811,-1.5438896580854533,0.666541794651945
M3_predictive_no_rv,4405,BTCUSDT,train,-6.183332920074463,2.351835250854492,1.8535654544830322,-1.6263325214385986,0.9503998160362244,0.4035661220550537,0.9503998160362244,2.351835250854492,3.0193260685820844,2025-01-01,1735714500000000,0.0010669842590814071,9.438559999999997,44.75281000000002,0.00017592176745002364,0.750703334551686,6.709337384639217,-0.9205807085805214,-0.9851566833243713,-1.2501363700595467,-1.312412384309058
