symbol,split,date,n,mean_logscore,mean_radial,q95_radial,mean_predictive_theta
BTCUSDT,test,2025-10-01,16559,-3.243786153085523,1.6830986549380293,6.388529053742488,1.225475706756241
BTCUSDT,test,2025-11-01,14573,-2.688686383496117,1.0302922031779036,4.296255493843512,1.3441442583564838
BTCUSDT,test,2025-12-01,17263,-4.680560520292882,4.716629838105503,15.489957747250198,1.0275463937870606
BTCUSDT,train,2025-01-01,16290,-3.2311928007045063,1.6429372639656918,6.178337420502724,1.1973820070937926
BTCUSDT,train,2025-02-01,16699,-3.3186528732251377,1.7225089454431386,6.534274394101342,1.204214330397435
BTCUSDT,train,2025-03-01,17161,-3.970982557118033,3.0758535781917025,10.258843135702161,1.0605754059453463
BTCUSDT,train,2025-04-01,17131,-3.707157268574829,2.3906937927820198,8.414667029848616,1.074709166513072
BTCUSDT,train,2025-05-01,16440,-2.9505266243378903,1.3678669250600264,5.118915993889785,1.1978082251664786
BTCUSDT,train,2025-06-01,15657,-2.464876203341465,0.8737263574591307,3.6999170994290753,1.2951286354306755
BTCUSDT,train,2025-07-01,16032,-2.849480977612817,1.203151728170346,4.918888724155817,1.272942511662246
BTCUSDT,validation,2025-08-01,17180,-3.7808430681406273,2.4844162221936856,8.687488607690037,1.1066434303352801
BTCUSDT,validation,2025-09-01,17115,-3.618400807412716,2.043449452045343,6.845294171724243,1.114205924777862
ETHUSDT,test,2025-10-01,17232,-5.017076445835103,6.57858052152599,21.820028318534195,0.84176225972361
ETHUSDT,test,2025-11-01,16769,-3.6750995700364606,2.797379485277696,9.814694092776266,0.8526129468416185
ETHUSDT,test,2025-12-01,17199,-5.533425092170374,8.698644535162538,27.977930799375997,0.8998434072393644
ETHUSDT,train,2025-01-01,17179,-3.663867171259391,2.7004046512311572,8.763303891632052,0.8131843975394005
ETHUSDT,train,2025-02-01,17264,-4.213969625580963,3.9384455715851283,12.282688413798436,0.8329793995382666
ETHUSDT,train,2025-03-01,17271,-4.475250948200863,4.654682662237377,14.57301788153998,0.8520575316287338
ETHUSDT,train,2025-04-01,17266,-4.168770669689463,4.179916273367201,12.984805291469124,0.8328959700145189
ETHUSDT,train,2025-05-01,17210,-3.696697692646667,3.1522497162815566,10.047272207414986,0.8156480332469608
ETHUSDT,train,2025-06-01,17208,-3.6607712485772517,2.9990202336113296,9.630126859469907,0.8096977825645013
ETHUSDT,train,2025-07-01,17244,-3.9877867135391023,3.64981470004384,11.108650565101176,0.8136608452952895
ETHUSDT,validation,2025-08-01,17271,-5.3249255437344605,6.861451074637365,20.662625503193517,0.9115371998966993
ETHUSDT,validation,2025-09-01,17270,-5.059629706336918,6.129361415106849,17.90921275306877,0.8520622446382398
