model,symbol,split,train_quantile,train_threshold,exceedance_frequency,n
M0_student,BTCUSDT,test,0.9,5.136114929579955,0.15867341667527637,48395
M0_student,BTCUSDT,train,0.9,5.136114929579955,0.1,115410
M0_student,BTCUSDT,validation,0.9,5.136114929579955,0.13138941536667154,34295
M0_student,BTCUSDT,test,0.95,7.611850548669203,0.09498915177187726,48395
M0_student,BTCUSDT,train,0.95,7.611850548669203,0.05000433238020969,115410
M0_student,BTCUSDT,validation,0.95,7.611850548669203,0.06350779997084123,34295
M0_student,BTCUSDT,test,0.99,15.625252384037177,0.026056410786238247,48395
M0_student,BTCUSDT,train,0.99,15.625252384037177,0.010007798284377437,115410
M0_student,BTCUSDT,validation,0.99,15.625252384037177,0.01198425426447004,34295
M0_student,ETHUSDT,test,0.9,7.1385180382604965,0.22189453125,51200
M0_student,ETHUSDT,train,0.9,7.1385180382604965,0.10000663118980123,120642
M0_student,ETHUSDT,validation,0.9,7.1385180382604965,0.27063489765785587,34541
M0_student,ETHUSDT,test,0.95,10.572758063227605,0.1380859375,51200
M0_student,ETHUSDT,train,0.95,10.572758063227605,0.050007460088526384,120642
M0_student,ETHUSDT,validation,0.95,10.572758063227605,0.15439622477635273,34541
M0_student,ETHUSDT,test,0.99,25.14610665140013,0.03169921875,51200
M0_student,ETHUSDT,train,0.99,25.14610665140013,0.010004807612605892,120642
M0_student,ETHUSDT,validation,0.99,25.14610665140013,0.029385368113256708,34541
M1_iid_latent,BTCUSDT,test,0.9,4.8641415371313235,0.15906601921686125,48395
M1_iid_latent,BTCUSDT,train,0.9,4.8641415371313235,0.1,115410
M1_iid_latent,BTCUSDT,validation,0.9,4.8641415371313235,0.13258492491616855,34295
M1_iid_latent,BTCUSDT,test,0.95,7.1840935160858415,0.0952371112718256,48395
M1_iid_latent,BTCUSDT,train,0.95,7.1840935160858415,0.05000433238020969,115410
M1_iid_latent,BTCUSDT,validation,0.95,7.1840935160858415,0.06409097536083977,34295
M1_iid_latent,BTCUSDT,test,0.99,14.406899616187948,0.02609773736956297,48395
M1_iid_latent,BTCUSDT,train,0.99,14.406899616187948,0.010007798284377437,115410
M1_iid_latent,BTCUSDT,validation,0.99,14.406899616187948,0.0124799533459688,34295
M1_iid_latent,ETHUSDT,test,0.9,6.745061885853374,0.22435546875,51200
M1_iid_latent,ETHUSDT,train,0.9,6.745061885853374,0.10000663118980123,120642
M1_iid_latent,ETHUSDT,validation,0.9,6.745061885853374,0.2746011985756058,34541
M1_iid_latent,ETHUSDT,test,0.95,9.855477635773513,0.142265625,51200
M1_iid_latent,ETHUSDT,train,0.95,9.855477635773513,0.050007460088526384,120642
M1_iid_latent,ETHUSDT,validation,0.95,9.855477635773513,0.15876784111635447,34541
M1_iid_latent,ETHUSDT,test,0.99,22.49336049458011,0.0344921875,51200
M1_iid_latent,ETHUSDT,train,0.99,22.49336049458011,0.010004807612605892,120642
M1_iid_latent,ETHUSDT,validation,0.99,22.49336049458011,0.030282852262528588,34541
M2_predictive_full,BTCUSDT,test,0.9,4.499502406389453,0.16071908254985018,48395
M2_predictive_full,BTCUSDT,train,0.9,4.499502406389453,0.1,115410
M2_predictive_full,BTCUSDT,validation,0.9,4.499502406389453,0.13862079020265344,34295
M2_predictive_full,BTCUSDT,test,0.95,6.804023668807053,0.0946998656886042,48395
M2_predictive_full,BTCUSDT,train,0.95,6.804023668807053,0.05000433238020969,115410
M2_predictive_full,BTCUSDT,validation,0.95,6.804023668807053,0.06642367692083394,34295
M2_predictive_full,BTCUSDT,test,0.99,13.9419925554422,0.02584977786961463,48395
M2_predictive_full,BTCUSDT,train,0.99,13.9419925554422,0.010007798284377437,115410
M2_predictive_full,BTCUSDT,validation,0.99,13.9419925554422,0.012771541040968072,34295
M2_predictive_full,ETHUSDT,test,0.9,7.971092086998761,0.21943359375,51200
M2_predictive_full,ETHUSDT,train,0.9,7.971092086998761,0.10000663118980123,120642
M2_predictive_full,ETHUSDT,validation,0.9,7.971092086998761,0.25859123939665907,34541
M2_predictive_full,ETHUSDT,test,0.95,11.4334822304584,0.1382421875,51200
M2_predictive_full,ETHUSDT,train,0.95,11.4334822304584,0.050007460088526384,120642
M2_predictive_full,ETHUSDT,validation,0.95,11.4334822304584,0.14999565733476158,34541
M2_predictive_full,ETHUSDT,test,0.99,24.503397862374705,0.0349609375,51200
M2_predictive_full,ETHUSDT,train,0.99,24.503397862374705,0.010004807612605892,120642
M2_predictive_full,ETHUSDT,validation,0.99,24.503397862374705,0.02866159057352132,34541
M3_predictive_no_rv,BTCUSDT,test,0.9,4.1709073298303965,0.1603884698832524,48395
M3_predictive_no_rv,BTCUSDT,train,0.9,4.1709073298303965,0.1,115410
M3_predictive_no_rv,BTCUSDT,validation,0.9,4.1709073298303965,0.13176847937017058,34295
M3_predictive_no_rv,BTCUSDT,test,0.95,6.2646232817407554,0.09558838723008575,48395
M3_predictive_no_rv,BTCUSDT,train,0.95,6.2646232817407554,0.05000433238020969,115410
M3_predictive_no_rv,BTCUSDT,validation,0.95,6.2646232817407554,0.06333284735384166,34295
M3_predictive_no_rv,BTCUSDT,test,0.99,12.921223542608105,0.0271102386610187,48395
M3_predictive_no_rv,BTCUSDT,train,0.99,12.921223542608105,0.010007798284377437,115410
M3_predictive_no_rv,BTCUSDT,validation,0.99,12.921223542608105,0.011342761335471643,34295
M3_predictive_no_rv,ETHUSDT,test,0.9,8.685537976934285,0.21857421875,51200
M3_predictive_no_rv,ETHUSDT,train,0.9,8.685537976934285,0.10000663118980123,120642
M3_predictive_no_rv,ETHUSDT,validation,0.9,8.685537976934285,0.2641498509018268,34541
M3_predictive_no_rv,ETHUSDT,test,0.95,12.624547375426348,0.138046875,51200
M3_predictive_no_rv,ETHUSDT,train,0.95,12.624547375426348,0.050007460088526384,120642
M3_predictive_no_rv,ETHUSDT,validation,0.95,12.624547375426348,0.15184852783648417,34541
M3_predictive_no_rv,ETHUSDT,test,0.99,28.106235308558645,0.03373046875,51200
M3_predictive_no_rv,ETHUSDT,train,0.99,28.106235308558645,0.010004807612605892,120642
M3_predictive_no_rv,ETHUSDT,validation,0.99,28.106235308558645,0.029414319214846125,34541
