model,symbol,split,n,theta_mean,theta_sd,prior_mu_min,prior_mu_max,prior_sd_min,prior_sd_max,fraction_sd_near_lower_bound,fraction_sd_near_upper_bound,theta_p50_0,theta_p90_0,theta_p95_0,theta_p99_0,theta_p99_5,theta_p99_9,theta_max
M1_iid_latent,BTCUSDT,test,48395,0.9999995231628418,0.0,-0.34738636016845703,-0.34738636016845703,0.8335297107696533,0.8335297107696533,0.0,0.0,0.9999995231628418,0.9999995231628418,0.9999995231628418,0.9999995231628418,0.9999995231628418,0.9999995231628418,0.9999995231628418
M1_iid_latent,BTCUSDT,train,115410,0.9999995231628418,0.0,-0.34738636016845703,-0.34738636016845703,0.8335297107696533,0.8335297107696533,0.0,0.0,0.9999995231628418,0.9999995231628418,0.9999995231628418,0.9999995231628418,0.9999995231628418,0.9999995231628418,0.9999995231628418
M1_iid_latent,BTCUSDT,validation,34295,0.9999995231628418,0.0,-0.34738636016845703,-0.34738636016845703,0.8335297107696533,0.8335297107696533,0.0,0.0,0.9999995231628418,0.9999995231628418,0.9999995231628418,0.9999995231628418,0.9999995231628418,0.9999995231628418,0.9999995231628418
M1_iid_latent,ETHUSDT,test,51200,0.9999995231628418,0.0,-0.34738636016845703,-0.34738636016845703,0.8335297107696533,0.8335297107696533,0.0,0.0,0.9999995231628418,0.9999995231628418,0.9999995231628418,0.9999995231628418,0.9999995231628418,0.9999995231628418,0.9999995231628418
M1_iid_latent,ETHUSDT,train,120642,0.9999995231628418,0.0,-0.34738636016845703,-0.34738636016845703,0.8335297107696533,0.8335297107696533,0.0,0.0,0.9999995231628418,0.9999995231628418,0.9999995231628418,0.9999995231628418,0.9999995231628418,0.9999995231628418,0.9999995231628418
M1_iid_latent,ETHUSDT,validation,34541,0.9999995231628418,0.0,-0.34738636016845703,-0.34738636016845703,0.8335297107696533,0.8335297107696533,0.0,0.0,0.9999995231628418,0.9999995231628418,0.9999995231628418,0.9999995231628418,0.9999995231628418,0.9999995231628418,0.9999995231628418
M2_predictive_full,BTCUSDT,test,48395,1.1906064655677582,0.232025969462867,-0.4967160224914551,0.9607712030410767,0.4529178738594055,1.423499345779419,0.0,0.0,1.1415934562683105,1.5421846389770506,1.5974856734275815,1.6522746253013612,1.6637993323802949,1.7630490205287932,3.3668882846832275
M2_predictive_full,BTCUSDT,train,115410,1.183636737591823,0.22180909979586122,-0.49672842025756836,0.9730868339538574,0.48976776003837585,1.4232035875320435,0.0,0.0,1.1456961035728455,1.5195482134819032,1.5811836600303648,1.643699803352356,1.6550716829299927,1.6683525236845016,3.538719654083252
M2_predictive_full,BTCUSDT,validation,34295,1.1104175108830214,0.17914344779574623,-0.4967067241668701,0.6164209842681885,0.41634994745254517,1.422057032585144,0.0,0.0,1.0624723434448242,1.3806771278381347,1.4643191695213318,1.5907605528831479,1.6188095569610594,1.6589426627159118,2.5077731609344482
M2_predictive_full,ETHUSDT,test,51200,0.8648265727784019,0.14436972897221786,-0.4968760013580322,1.2805132865905762,0.4251863956451416,1.388012409210205,0.0,0.0,0.8149982988834381,1.0061543464660643,1.1319971740245813,1.4787691020965603,1.5946717417240144,2.08515988945961,4.110523223876953
M2_predictive_full,ETHUSDT,train,120642,0.8243254279339752,0.09862666812093115,-0.49686288833618164,0.8886680603027344,0.3877304494380951,1.3482078313827515,0.0,0.0,0.7906098663806915,0.917591279745102,1.0012529730796813,1.255073126554488,1.3809467172622678,1.6686725233793234,2.767672300338745
M2_predictive_full,ETHUSDT,validation,34541,0.8818005832002054,0.14799757207366573,-0.4967234134674072,0.786029577255249,0.43936097621917725,1.3160990476608276,0.0,0.0,0.8227821588516235,1.0652161836624146,1.1819835901260376,1.4595888614654529,1.5828031778335576,1.9585684990882615,2.554609775543213
M3_predictive_no_rv,BTCUSDT,test,48395,1.2421217115977934,0.20304960346481737,-0.4696342945098877,1.5338605642318726,0.41964203119277954,1.34660804271698,0.0,0.0,1.255853533744812,1.5000515699386596,1.520927619934082,1.535119605064392,1.5381333327293396,1.5455259761810303,6.88702917098999
M3_predictive_no_rv,BTCUSDT,train,115410,1.2432838308672776,0.19787238224906656,-0.46964049339294434,1.5460045337677002,0.3270578384399414,1.3409606218338013,0.0,0.0,1.262735664844513,1.4878632187843324,1.5062215328216553,1.5230698907375335,1.5266810542345046,1.5330738943815232,6.344438552856445
M3_predictive_no_rv,BTCUSDT,validation,34295,1.2290112647670997,0.1979847446454182,-0.4696338176727295,1.137559413909912,0.4125242233276367,1.3451601266860962,0.0,0.0,1.2288926839828491,1.4969550132751466,1.5175145387649536,1.5331886053085326,1.5366083359718323,1.5422427632808684,4.278813362121582
M3_predictive_no_rv,ETHUSDT,test,51200,0.7961966124072205,0.5311324575947647,-0.4693477153778076,4.447719097137451,0.354686439037323,0.9176446199417114,0.0,0.0,0.7767081558704376,0.8164008915424347,0.8346762329339981,1.1396324193477663,1.3477307534217822,2.4519380662441232,102.1349105834961
M3_predictive_no_rv,ETHUSDT,train,120642,0.7672661439826153,0.05159084240213872,-0.46929931640625,1.4975948333740234,0.3190215229988098,0.88956618309021,0.0,0.0,0.7592873275279999,0.7861232280731202,0.8029033958911895,0.9585786020755758,1.0914580410718915,1.3936570063829292,5.527742385864258
M3_predictive_no_rv,ETHUSDT,validation,34541,0.7983618941208639,0.14915089896914557,-0.46936750411987305,2.972990036010742,0.29752975702285767,0.8566264510154724,0.0,0.0,0.7791395783424377,0.8288297653198242,0.8757741451263428,1.16794717311859,1.2998886942863506,1.6282038187980632,24.164043426513672
