asset,gamma,objective,value
BTCUSDT,0.0,expected_cost,0.0064900154204422834
BTCUSDT,0.0,nominal_cvar,0.05781655760760514
BTCUSDT,0.0,global_kl,8.233124117646872
BTCUSDT,0.0,localized_kl,0.07672380593912438
BTCUSDT,0.1,expected_cost,0.0024105739401373864
BTCUSDT,0.1,nominal_cvar,0.022490315072877187
BTCUSDT,0.1,global_kl,2.95042932572992
BTCUSDT,0.1,localized_kl,0.030996632174080295
BTCUSDT,0.2,expected_cost,0.0012357575697779983
BTCUSDT,0.2,nominal_cvar,0.01094674372511113
BTCUSDT,0.2,global_kl,2.2109905522557427
BTCUSDT,0.2,localized_kl,0.017692747896649277
BTCUSDT,0.3,expected_cost,0.0008437300353030681
BTCUSDT,0.3,nominal_cvar,0.005570751849997349
BTCUSDT,0.3,global_kl,0.3556024038516604
BTCUSDT,0.3,localized_kl,0.009807706752988473
BTCUSDT,0.4,expected_cost,0.0007416489261958787
BTCUSDT,0.4,nominal_cvar,0.003968747130955573
BTCUSDT,0.4,global_kl,0.3381736644952935
BTCUSDT,0.4,localized_kl,0.007509596916442513
BTCUSDT,0.5,expected_cost,0.0007268702429383577
BTCUSDT,0.5,nominal_cvar,0.0037535660093304113
BTCUSDT,0.5,global_kl,0.15336179875642447
BTCUSDT,0.5,localized_kl,0.006615937194774602
BTCUSDT,0.6,expected_cost,0.0007415302827503081
BTCUSDT,0.6,nominal_cvar,0.004045989117257551
BTCUSDT,0.6,global_kl,0.1832289599789496
BTCUSDT,0.6,localized_kl,0.006361826210598423
BTCUSDT,0.7,expected_cost,0.0007640495520368576
BTCUSDT,0.7,nominal_cvar,0.004476076937093238
BTCUSDT,0.7,global_kl,0.25002178858611235
BTCUSDT,0.7,localized_kl,0.006316860680532882
BTCUSDT,0.8,expected_cost,0.0007869248396233539
BTCUSDT,0.8,nominal_cvar,0.004913220019065916
BTCUSDT,0.8,global_kl,0.35486013717102843
BTCUSDT,0.8,localized_kl,0.006520762876556945
BTCUSDT,0.9,expected_cost,0.0008118119421839122
BTCUSDT,0.9,nominal_cvar,0.005393147849390948
BTCUSDT,0.9,global_kl,0.46741723226233145
BTCUSDT,0.9,localized_kl,0.007031867984905153
BTCUSDT,1.0,expected_cost,0.0008384621950103746
BTCUSDT,1.0,nominal_cvar,0.005905772980896092
BTCUSDT,1.0,global_kl,0.5800687335615808
BTCUSDT,1.0,localized_kl,0.007836475020803133
ETHUSDT,0.0,expected_cost,0.0835642146546884
ETHUSDT,0.0,nominal_cvar,0.36431721695088426
ETHUSDT,0.0,global_kl,7.2298920209625654
ETHUSDT,0.0,localized_kl,0.3942994338333162
ETHUSDT,0.1,expected_cost,0.04190140579036714
ETHUSDT,0.1,nominal_cvar,0.17333354912624904
ETHUSDT,0.1,global_kl,3.4408406560184392
ETHUSDT,0.1,localized_kl,0.19899910585942687
ETHUSDT,0.2,expected_cost,0.029240939166181288
ETHUSDT,0.2,nominal_cvar,0.10846672514872348
ETHUSDT,0.2,global_kl,1.4649678145987712
ETHUSDT,0.2,localized_kl,0.13372637883522803
ETHUSDT,0.3,expected_cost,0.02545430346403246
ETHUSDT,0.3,nominal_cvar,0.07785926363096474
ETHUSDT,0.3,global_kl,0.9611109246286598
ETHUSDT,0.3,localized_kl,0.10310618292726681
ETHUSDT,0.4,expected_cost,0.024555009461983874
ETHUSDT,0.4,nominal_cvar,0.06654366251390179
ETHUSDT,0.4,global_kl,0.8902383604306313
ETHUSDT,0.4,localized_kl,0.0875142032223461
ETHUSDT,0.5,expected_cost,0.0244787464889991
ETHUSDT,0.5,nominal_cvar,0.0644875194275713
ETHUSDT,0.5,global_kl,0.9582730262605317
ETHUSDT,0.5,localized_kl,0.07866545986679516
ETHUSDT,0.6,expected_cost,0.02460817165614721
ETHUSDT,0.6,nominal_cvar,0.06518775205855817
ETHUSDT,0.6,global_kl,0.9030339343973398
ETHUSDT,0.6,localized_kl,0.07475122291748948
ETHUSDT,0.7,expected_cost,0.02481008089761894
ETHUSDT,0.7,nominal_cvar,0.06703173967140306
ETHUSDT,0.7,global_kl,1.1490803407666432
ETHUSDT,0.7,localized_kl,0.07611256988185913
ETHUSDT,0.8,expected_cost,0.025034593203114262
ETHUSDT,0.8,nominal_cvar,0.06938437863231924
ETHUSDT,0.8,global_kl,1.4061465608800348
ETHUSDT,0.8,localized_kl,0.07973661053592833
ETHUSDT,0.9,expected_cost,0.02528709576262715
ETHUSDT,0.9,nominal_cvar,0.07219195066389317
ETHUSDT,0.9,global_kl,1.6586137977833384
ETHUSDT,0.9,localized_kl,0.08412006490921167
ETHUSDT,1.0,expected_cost,0.02556359608146974
ETHUSDT,1.0,nominal_cvar,0.0755412641251692
ETHUSDT,1.0,global_kl,1.9118017312220437
ETHUSDT,1.0,localized_kl,0.08931539153176225
