asset,selected_for,gamma,epsilon,nominal_cvar,localized_kl,global_kl
BTCUSDT,expected_cost,0.5,0.0,0.0037535660093304113,0.0037535660093304113,0.0037535660093304113
BTCUSDT,expected_cost,0.5,0.02,0.0037535660093304113,0.004960971977589014,0.04862438643871993
BTCUSDT,expected_cost,0.5,0.04,0.0037535660093304113,0.005615611527460257,0.08533554615618835
BTCUSDT,expected_cost,0.5,0.08,0.0037535660093304113,0.006615937194774602,0.15336179875642447
BTCUSDT,expected_cost,0.5,0.12,0.0037535660093304113,0.007395111407245916,0.2177724534863518
BTCUSDT,expected_cost,0.5,0.16,0.0037535660093304113,0.008036906921251447,0.28002284364509933
BTCUSDT,global_kl,0.5,0.0,0.0037535660093304113,0.0037535660093304113,0.0037535660093304113
BTCUSDT,global_kl,0.5,0.02,0.0037535660093304113,0.004960971977589014,0.04862438643871993
BTCUSDT,global_kl,0.5,0.04,0.0037535660093304113,0.005615611527460257,0.08533554615618835
BTCUSDT,global_kl,0.5,0.08,0.0037535660093304113,0.006615937194774602,0.15336179875642447
BTCUSDT,global_kl,0.5,0.12,0.0037535660093304113,0.007395111407245916,0.2177724534863518
BTCUSDT,global_kl,0.5,0.16,0.0037535660093304113,0.008036906921251447,0.28002284364509933
BTCUSDT,localized_kl,0.7,0.0,0.004476076937093238,0.004476076937093238,0.004476076937093238
BTCUSDT,localized_kl,0.7,0.02,0.004476076937093238,0.005268304941442947,0.07788199509063877
BTCUSDT,localized_kl,0.7,0.04,0.004476076937093238,0.005680156051804441,0.13821260046648887
BTCUSDT,localized_kl,0.7,0.08,0.004476076937093238,0.006316860680532882,0.25002178858611235
BTCUSDT,localized_kl,0.7,0.12,0.004476076937093238,0.006829808602806496,0.3558853449758662
BTCUSDT,localized_kl,0.7,0.16,0.004476076937093238,0.00726879074496573,0.45819321152731596
BTCUSDT,nominal_cvar,0.5,0.0,0.0037535660093304113,0.0037535660093304113,0.0037535660093304113
BTCUSDT,nominal_cvar,0.5,0.02,0.0037535660093304113,0.004960971977589014,0.04862438643871993
BTCUSDT,nominal_cvar,0.5,0.04,0.0037535660093304113,0.005615611527460257,0.08533554615618835
BTCUSDT,nominal_cvar,0.5,0.08,0.0037535660093304113,0.006615937194774602,0.15336179875642447
BTCUSDT,nominal_cvar,0.5,0.12,0.0037535660093304113,0.007395111407245916,0.2177724534863518
BTCUSDT,nominal_cvar,0.5,0.16,0.0037535660093304113,0.008036906921251447,0.28002284364509933
ETHUSDT,expected_cost,0.5,0.0,0.0644875194275713,0.0644875194275713,0.0644875194275713
ETHUSDT,expected_cost,0.5,0.02,0.0644875194275713,0.07101238501485183,0.33902209769897723
ETHUSDT,expected_cost,0.5,0.04,0.0644875194275713,0.07415156773051267,0.5568102475734352
ETHUSDT,expected_cost,0.5,0.08,0.0644875194275713,0.07866545986679516,0.9582730262605317
ETHUSDT,expected_cost,0.5,0.12,0.0644875194275713,0.08205660421091754,1.3371106585673291
ETHUSDT,expected_cost,0.5,0.16,0.0644875194275713,0.08483315989658402,1.7024799301324323
ETHUSDT,global_kl,0.4,0.0,0.06654366251390179,0.06654366251390179,0.06654366251390179
ETHUSDT,global_kl,0.4,0.02,0.06654366251390179,0.07668974726087534,0.3212818591151917
ETHUSDT,global_kl,0.4,0.04,0.06654366251390179,0.0812745107633453,0.5216289357465536
ETHUSDT,global_kl,0.4,0.08,0.06654366251390179,0.0875142032223461,0.8902383604306313
ETHUSDT,global_kl,0.4,0.12,0.06654366251390179,0.09194009639772363,1.2376290035006605
ETHUSDT,global_kl,0.4,0.16,0.06654366251390179,0.09541633390093433,1.5723869078070734
ETHUSDT,localized_kl,0.6,0.0,0.06518775205855817,0.06518775205855817,0.06518775205855817
ETHUSDT,localized_kl,0.6,0.02,0.06518775205855817,0.0696335786921359,0.3247415542208585
ETHUSDT,localized_kl,0.6,0.04,0.06518775205855817,0.07169071971774173,0.528380349578845
ETHUSDT,localized_kl,0.6,0.08,0.06518775205855817,0.07475122291748948,0.9030339343973398
ETHUSDT,localized_kl,0.6,0.12,0.06518775205855817,0.07718162877941333,1.2561783447902841
ETHUSDT,localized_kl,0.6,0.16,0.06518775205855817,0.07926162738207171,1.5965583041481302
ETHUSDT,nominal_cvar,0.5,0.0,0.0644875194275713,0.0644875194275713,0.0644875194275713
ETHUSDT,nominal_cvar,0.5,0.02,0.0644875194275713,0.07101238501485183,0.33902209769897723
ETHUSDT,nominal_cvar,0.5,0.04,0.0644875194275713,0.07415156773051267,0.5568102475734352
ETHUSDT,nominal_cvar,0.5,0.08,0.0644875194275713,0.07866545986679516,0.9582730262605317
ETHUSDT,nominal_cvar,0.5,0.12,0.0644875194275713,0.08205660421091754,1.3371106585673291
ETHUSDT,nominal_cvar,0.5,0.16,0.0644875194275713,0.08483315989658402,1.7024799301324323
