asset,seed,gamma,crn_group,train_select,validation_confirm,test_once
BTCUSDT,101,0.0,BTCUSDT_seed101,True,True,True
BTCUSDT,101,0.1,BTCUSDT_seed101,True,True,True
BTCUSDT,101,0.2,BTCUSDT_seed101,True,True,True
BTCUSDT,101,0.3,BTCUSDT_seed101,True,True,True
BTCUSDT,101,0.4,BTCUSDT_seed101,True,True,True
BTCUSDT,101,0.5,BTCUSDT_seed101,True,True,True
BTCUSDT,101,0.6,BTCUSDT_seed101,True,True,True
BTCUSDT,101,0.7,BTCUSDT_seed101,True,True,True
BTCUSDT,101,0.8,BTCUSDT_seed101,True,True,True
BTCUSDT,101,0.9,BTCUSDT_seed101,True,True,True
BTCUSDT,101,1.0,BTCUSDT_seed101,True,True,True
BTCUSDT,202,0.0,BTCUSDT_seed202,True,True,True
BTCUSDT,202,0.1,BTCUSDT_seed202,True,True,True
BTCUSDT,202,0.2,BTCUSDT_seed202,True,True,True
BTCUSDT,202,0.3,BTCUSDT_seed202,True,True,True
BTCUSDT,202,0.4,BTCUSDT_seed202,True,True,True
BTCUSDT,202,0.5,BTCUSDT_seed202,True,True,True
BTCUSDT,202,0.6,BTCUSDT_seed202,True,True,True
BTCUSDT,202,0.7,BTCUSDT_seed202,True,True,True
BTCUSDT,202,0.8,BTCUSDT_seed202,True,True,True
BTCUSDT,202,0.9,BTCUSDT_seed202,True,True,True
BTCUSDT,202,1.0,BTCUSDT_seed202,True,True,True
BTCUSDT,303,0.0,BTCUSDT_seed303,True,True,True
BTCUSDT,303,0.1,BTCUSDT_seed303,True,True,True
BTCUSDT,303,0.2,BTCUSDT_seed303,True,True,True
BTCUSDT,303,0.3,BTCUSDT_seed303,True,True,True
BTCUSDT,303,0.4,BTCUSDT_seed303,True,True,True
BTCUSDT,303,0.5,BTCUSDT_seed303,True,True,True
BTCUSDT,303,0.6,BTCUSDT_seed303,True,True,True
BTCUSDT,303,0.7,BTCUSDT_seed303,True,True,True
BTCUSDT,303,0.8,BTCUSDT_seed303,True,True,True
BTCUSDT,303,0.9,BTCUSDT_seed303,True,True,True
BTCUSDT,303,1.0,BTCUSDT_seed303,True,True,True
BTCUSDT,404,0.0,BTCUSDT_seed404,True,True,True
BTCUSDT,404,0.1,BTCUSDT_seed404,True,True,True
BTCUSDT,404,0.2,BTCUSDT_seed404,True,True,True
BTCUSDT,404,0.3,BTCUSDT_seed404,True,True,True
BTCUSDT,404,0.4,BTCUSDT_seed404,True,True,True
BTCUSDT,404,0.5,BTCUSDT_seed404,True,True,True
BTCUSDT,404,0.6,BTCUSDT_seed404,True,True,True
BTCUSDT,404,0.7,BTCUSDT_seed404,True,True,True
BTCUSDT,404,0.8,BTCUSDT_seed404,True,True,True
BTCUSDT,404,0.9,BTCUSDT_seed404,True,True,True
BTCUSDT,404,1.0,BTCUSDT_seed404,True,True,True
BTCUSDT,505,0.0,BTCUSDT_seed505,True,True,True
BTCUSDT,505,0.1,BTCUSDT_seed505,True,True,True
BTCUSDT,505,0.2,BTCUSDT_seed505,True,True,True
BTCUSDT,505,0.3,BTCUSDT_seed505,True,True,True
BTCUSDT,505,0.4,BTCUSDT_seed505,True,True,True
BTCUSDT,505,0.5,BTCUSDT_seed505,True,True,True
BTCUSDT,505,0.6,BTCUSDT_seed505,True,True,True
BTCUSDT,505,0.7,BTCUSDT_seed505,True,True,True
BTCUSDT,505,0.8,BTCUSDT_seed505,True,True,True
BTCUSDT,505,0.9,BTCUSDT_seed505,True,True,True
BTCUSDT,505,1.0,BTCUSDT_seed505,True,True,True
BTCUSDT,606,0.0,BTCUSDT_seed606,True,True,True
BTCUSDT,606,0.1,BTCUSDT_seed606,True,True,True
BTCUSDT,606,0.2,BTCUSDT_seed606,True,True,True
BTCUSDT,606,0.3,BTCUSDT_seed606,True,True,True
BTCUSDT,606,0.4,BTCUSDT_seed606,True,True,True
BTCUSDT,606,0.5,BTCUSDT_seed606,True,True,True
BTCUSDT,606,0.6,BTCUSDT_seed606,True,True,True
BTCUSDT,606,0.7,BTCUSDT_seed606,True,True,True
BTCUSDT,606,0.8,BTCUSDT_seed606,True,True,True
BTCUSDT,606,0.9,BTCUSDT_seed606,True,True,True
BTCUSDT,606,1.0,BTCUSDT_seed606,True,True,True
BTCUSDT,707,0.0,BTCUSDT_seed707,True,True,True
BTCUSDT,707,0.1,BTCUSDT_seed707,True,True,True
BTCUSDT,707,0.2,BTCUSDT_seed707,True,True,True
BTCUSDT,707,0.3,BTCUSDT_seed707,True,True,True
BTCUSDT,707,0.4,BTCUSDT_seed707,True,True,True
BTCUSDT,707,0.5,BTCUSDT_seed707,True,True,True
BTCUSDT,707,0.6,BTCUSDT_seed707,True,True,True
BTCUSDT,707,0.7,BTCUSDT_seed707,True,True,True
BTCUSDT,707,0.8,BTCUSDT_seed707,True,True,True
BTCUSDT,707,0.9,BTCUSDT_seed707,True,True,True
BTCUSDT,707,1.0,BTCUSDT_seed707,True,True,True
BTCUSDT,808,0.0,BTCUSDT_seed808,True,True,True
BTCUSDT,808,0.1,BTCUSDT_seed808,True,True,True
BTCUSDT,808,0.2,BTCUSDT_seed808,True,True,True
BTCUSDT,808,0.3,BTCUSDT_seed808,True,True,True
BTCUSDT,808,0.4,BTCUSDT_seed808,True,True,True
BTCUSDT,808,0.5,BTCUSDT_seed808,True,True,True
BTCUSDT,808,0.6,BTCUSDT_seed808,True,True,True
BTCUSDT,808,0.7,BTCUSDT_seed808,True,True,True
BTCUSDT,808,0.8,BTCUSDT_seed808,True,True,True
BTCUSDT,808,0.9,BTCUSDT_seed808,True,True,True
BTCUSDT,808,1.0,BTCUSDT_seed808,True,True,True
BTCUSDT,909,0.0,BTCUSDT_seed909,True,True,True
BTCUSDT,909,0.1,BTCUSDT_seed909,True,True,True
BTCUSDT,909,0.2,BTCUSDT_seed909,True,True,True
BTCUSDT,909,0.3,BTCUSDT_seed909,True,True,True
BTCUSDT,909,0.4,BTCUSDT_seed909,True,True,True
BTCUSDT,909,0.5,BTCUSDT_seed909,True,True,True
BTCUSDT,909,0.6,BTCUSDT_seed909,True,True,True
BTCUSDT,909,0.7,BTCUSDT_seed909,True,True,True
BTCUSDT,909,0.8,BTCUSDT_seed909,True,True,True
BTCUSDT,909,0.9,BTCUSDT_seed909,True,True,True
BTCUSDT,909,1.0,BTCUSDT_seed909,True,True,True
BTCUSDT,1001,0.0,BTCUSDT_seed1001,True,True,True
BTCUSDT,1001,0.1,BTCUSDT_seed1001,True,True,True
BTCUSDT,1001,0.2,BTCUSDT_seed1001,True,True,True
BTCUSDT,1001,0.3,BTCUSDT_seed1001,True,True,True
BTCUSDT,1001,0.4,BTCUSDT_seed1001,True,True,True
BTCUSDT,1001,0.5,BTCUSDT_seed1001,True,True,True
BTCUSDT,1001,0.6,BTCUSDT_seed1001,True,True,True
BTCUSDT,1001,0.7,BTCUSDT_seed1001,True,True,True
BTCUSDT,1001,0.8,BTCUSDT_seed1001,True,True,True
BTCUSDT,1001,0.9,BTCUSDT_seed1001,True,True,True
BTCUSDT,1001,1.0,BTCUSDT_seed1001,True,True,True
BTCUSDT,1111,0.0,BTCUSDT_seed1111,True,True,True
BTCUSDT,1111,0.1,BTCUSDT_seed1111,True,True,True
BTCUSDT,1111,0.2,BTCUSDT_seed1111,True,True,True
BTCUSDT,1111,0.3,BTCUSDT_seed1111,True,True,True
BTCUSDT,1111,0.4,BTCUSDT_seed1111,True,True,True
BTCUSDT,1111,0.5,BTCUSDT_seed1111,True,True,True
BTCUSDT,1111,0.6,BTCUSDT_seed1111,True,True,True
BTCUSDT,1111,0.7,BTCUSDT_seed1111,True,True,True
BTCUSDT,1111,0.8,BTCUSDT_seed1111,True,True,True
BTCUSDT,1111,0.9,BTCUSDT_seed1111,True,True,True
BTCUSDT,1111,1.0,BTCUSDT_seed1111,True,True,True
BTCUSDT,1212,0.0,BTCUSDT_seed1212,True,True,True
BTCUSDT,1212,0.1,BTCUSDT_seed1212,True,True,True
BTCUSDT,1212,0.2,BTCUSDT_seed1212,True,True,True
BTCUSDT,1212,0.3,BTCUSDT_seed1212,True,True,True
BTCUSDT,1212,0.4,BTCUSDT_seed1212,True,True,True
BTCUSDT,1212,0.5,BTCUSDT_seed1212,True,True,True
BTCUSDT,1212,0.6,BTCUSDT_seed1212,True,True,True
BTCUSDT,1212,0.7,BTCUSDT_seed1212,True,True,True
BTCUSDT,1212,0.8,BTCUSDT_seed1212,True,True,True
BTCUSDT,1212,0.9,BTCUSDT_seed1212,True,True,True
BTCUSDT,1212,1.0,BTCUSDT_seed1212,True,True,True
BTCUSDT,1313,0.0,BTCUSDT_seed1313,True,True,True
BTCUSDT,1313,0.1,BTCUSDT_seed1313,True,True,True
BTCUSDT,1313,0.2,BTCUSDT_seed1313,True,True,True
BTCUSDT,1313,0.3,BTCUSDT_seed1313,True,True,True
BTCUSDT,1313,0.4,BTCUSDT_seed1313,True,True,True
BTCUSDT,1313,0.5,BTCUSDT_seed1313,True,True,True
BTCUSDT,1313,0.6,BTCUSDT_seed1313,True,True,True
BTCUSDT,1313,0.7,BTCUSDT_seed1313,True,True,True
BTCUSDT,1313,0.8,BTCUSDT_seed1313,True,True,True
BTCUSDT,1313,0.9,BTCUSDT_seed1313,True,True,True
BTCUSDT,1313,1.0,BTCUSDT_seed1313,True,True,True
BTCUSDT,1414,0.0,BTCUSDT_seed1414,True,True,True
BTCUSDT,1414,0.1,BTCUSDT_seed1414,True,True,True
BTCUSDT,1414,0.2,BTCUSDT_seed1414,True,True,True
BTCUSDT,1414,0.3,BTCUSDT_seed1414,True,True,True
BTCUSDT,1414,0.4,BTCUSDT_seed1414,True,True,True
BTCUSDT,1414,0.5,BTCUSDT_seed1414,True,True,True
BTCUSDT,1414,0.6,BTCUSDT_seed1414,True,True,True
BTCUSDT,1414,0.7,BTCUSDT_seed1414,True,True,True
BTCUSDT,1414,0.8,BTCUSDT_seed1414,True,True,True
BTCUSDT,1414,0.9,BTCUSDT_seed1414,True,True,True
BTCUSDT,1414,1.0,BTCUSDT_seed1414,True,True,True
BTCUSDT,1515,0.0,BTCUSDT_seed1515,True,True,True
BTCUSDT,1515,0.1,BTCUSDT_seed1515,True,True,True
BTCUSDT,1515,0.2,BTCUSDT_seed1515,True,True,True
BTCUSDT,1515,0.3,BTCUSDT_seed1515,True,True,True
BTCUSDT,1515,0.4,BTCUSDT_seed1515,True,True,True
BTCUSDT,1515,0.5,BTCUSDT_seed1515,True,True,True
BTCUSDT,1515,0.6,BTCUSDT_seed1515,True,True,True
BTCUSDT,1515,0.7,BTCUSDT_seed1515,True,True,True
BTCUSDT,1515,0.8,BTCUSDT_seed1515,True,True,True
BTCUSDT,1515,0.9,BTCUSDT_seed1515,True,True,True
BTCUSDT,1515,1.0,BTCUSDT_seed1515,True,True,True
ETHUSDT,101,0.0,ETHUSDT_seed101,True,True,True
ETHUSDT,101,0.1,ETHUSDT_seed101,True,True,True
ETHUSDT,101,0.2,ETHUSDT_seed101,True,True,True
ETHUSDT,101,0.3,ETHUSDT_seed101,True,True,True
ETHUSDT,101,0.4,ETHUSDT_seed101,True,True,True
ETHUSDT,101,0.5,ETHUSDT_seed101,True,True,True
ETHUSDT,101,0.6,ETHUSDT_seed101,True,True,True
ETHUSDT,101,0.7,ETHUSDT_seed101,True,True,True
ETHUSDT,101,0.8,ETHUSDT_seed101,True,True,True
ETHUSDT,101,0.9,ETHUSDT_seed101,True,True,True
ETHUSDT,101,1.0,ETHUSDT_seed101,True,True,True
ETHUSDT,202,0.0,ETHUSDT_seed202,True,True,True
ETHUSDT,202,0.1,ETHUSDT_seed202,True,True,True
ETHUSDT,202,0.2,ETHUSDT_seed202,True,True,True
ETHUSDT,202,0.3,ETHUSDT_seed202,True,True,True
ETHUSDT,202,0.4,ETHUSDT_seed202,True,True,True
ETHUSDT,202,0.5,ETHUSDT_seed202,True,True,True
ETHUSDT,202,0.6,ETHUSDT_seed202,True,True,True
ETHUSDT,202,0.7,ETHUSDT_seed202,True,True,True
ETHUSDT,202,0.8,ETHUSDT_seed202,True,True,True
ETHUSDT,202,0.9,ETHUSDT_seed202,True,True,True
ETHUSDT,202,1.0,ETHUSDT_seed202,True,True,True
ETHUSDT,303,0.0,ETHUSDT_seed303,True,True,True
ETHUSDT,303,0.1,ETHUSDT_seed303,True,True,True
ETHUSDT,303,0.2,ETHUSDT_seed303,True,True,True
ETHUSDT,303,0.3,ETHUSDT_seed303,True,True,True
ETHUSDT,303,0.4,ETHUSDT_seed303,True,True,True
ETHUSDT,303,0.5,ETHUSDT_seed303,True,True,True
ETHUSDT,303,0.6,ETHUSDT_seed303,True,True,True
ETHUSDT,303,0.7,ETHUSDT_seed303,True,True,True
ETHUSDT,303,0.8,ETHUSDT_seed303,True,True,True
ETHUSDT,303,0.9,ETHUSDT_seed303,True,True,True
ETHUSDT,303,1.0,ETHUSDT_seed303,True,True,True
ETHUSDT,404,0.0,ETHUSDT_seed404,True,True,True
ETHUSDT,404,0.1,ETHUSDT_seed404,True,True,True
ETHUSDT,404,0.2,ETHUSDT_seed404,True,True,True
ETHUSDT,404,0.3,ETHUSDT_seed404,True,True,True
ETHUSDT,404,0.4,ETHUSDT_seed404,True,True,True
ETHUSDT,404,0.5,ETHUSDT_seed404,True,True,True
ETHUSDT,404,0.6,ETHUSDT_seed404,True,True,True
ETHUSDT,404,0.7,ETHUSDT_seed404,True,True,True
ETHUSDT,404,0.8,ETHUSDT_seed404,True,True,True
ETHUSDT,404,0.9,ETHUSDT_seed404,True,True,True
ETHUSDT,404,1.0,ETHUSDT_seed404,True,True,True
ETHUSDT,505,0.0,ETHUSDT_seed505,True,True,True
ETHUSDT,505,0.1,ETHUSDT_seed505,True,True,True
ETHUSDT,505,0.2,ETHUSDT_seed505,True,True,True
ETHUSDT,505,0.3,ETHUSDT_seed505,True,True,True
ETHUSDT,505,0.4,ETHUSDT_seed505,True,True,True
ETHUSDT,505,0.5,ETHUSDT_seed505,True,True,True
ETHUSDT,505,0.6,ETHUSDT_seed505,True,True,True
ETHUSDT,505,0.7,ETHUSDT_seed505,True,True,True
ETHUSDT,505,0.8,ETHUSDT_seed505,True,True,True
ETHUSDT,505,0.9,ETHUSDT_seed505,True,True,True
ETHUSDT,505,1.0,ETHUSDT_seed505,True,True,True
ETHUSDT,606,0.0,ETHUSDT_seed606,True,True,True
ETHUSDT,606,0.1,ETHUSDT_seed606,True,True,True
ETHUSDT,606,0.2,ETHUSDT_seed606,True,True,True
ETHUSDT,606,0.3,ETHUSDT_seed606,True,True,True
ETHUSDT,606,0.4,ETHUSDT_seed606,True,True,True
ETHUSDT,606,0.5,ETHUSDT_seed606,True,True,True
ETHUSDT,606,0.6,ETHUSDT_seed606,True,True,True
ETHUSDT,606,0.7,ETHUSDT_seed606,True,True,True
ETHUSDT,606,0.8,ETHUSDT_seed606,True,True,True
ETHUSDT,606,0.9,ETHUSDT_seed606,True,True,True
ETHUSDT,606,1.0,ETHUSDT_seed606,True,True,True
ETHUSDT,707,0.0,ETHUSDT_seed707,True,True,True
ETHUSDT,707,0.1,ETHUSDT_seed707,True,True,True
ETHUSDT,707,0.2,ETHUSDT_seed707,True,True,True
ETHUSDT,707,0.3,ETHUSDT_seed707,True,True,True
ETHUSDT,707,0.4,ETHUSDT_seed707,True,True,True
ETHUSDT,707,0.5,ETHUSDT_seed707,True,True,True
ETHUSDT,707,0.6,ETHUSDT_seed707,True,True,True
ETHUSDT,707,0.7,ETHUSDT_seed707,True,True,True
ETHUSDT,707,0.8,ETHUSDT_seed707,True,True,True
ETHUSDT,707,0.9,ETHUSDT_seed707,True,True,True
ETHUSDT,707,1.0,ETHUSDT_seed707,True,True,True
ETHUSDT,808,0.0,ETHUSDT_seed808,True,True,True
ETHUSDT,808,0.1,ETHUSDT_seed808,True,True,True
ETHUSDT,808,0.2,ETHUSDT_seed808,True,True,True
ETHUSDT,808,0.3,ETHUSDT_seed808,True,True,True
ETHUSDT,808,0.4,ETHUSDT_seed808,True,True,True
ETHUSDT,808,0.5,ETHUSDT_seed808,True,True,True
ETHUSDT,808,0.6,ETHUSDT_seed808,True,True,True
ETHUSDT,808,0.7,ETHUSDT_seed808,True,True,True
ETHUSDT,808,0.8,ETHUSDT_seed808,True,True,True
ETHUSDT,808,0.9,ETHUSDT_seed808,True,True,True
ETHUSDT,808,1.0,ETHUSDT_seed808,True,True,True
ETHUSDT,909,0.0,ETHUSDT_seed909,True,True,True
ETHUSDT,909,0.1,ETHUSDT_seed909,True,True,True
ETHUSDT,909,0.2,ETHUSDT_seed909,True,True,True
ETHUSDT,909,0.3,ETHUSDT_seed909,True,True,True
ETHUSDT,909,0.4,ETHUSDT_seed909,True,True,True
ETHUSDT,909,0.5,ETHUSDT_seed909,True,True,True
ETHUSDT,909,0.6,ETHUSDT_seed909,True,True,True
ETHUSDT,909,0.7,ETHUSDT_seed909,True,True,True
ETHUSDT,909,0.8,ETHUSDT_seed909,True,True,True
ETHUSDT,909,0.9,ETHUSDT_seed909,True,True,True
ETHUSDT,909,1.0,ETHUSDT_seed909,True,True,True
ETHUSDT,1001,0.0,ETHUSDT_seed1001,True,True,True
ETHUSDT,1001,0.1,ETHUSDT_seed1001,True,True,True
ETHUSDT,1001,0.2,ETHUSDT_seed1001,True,True,True
ETHUSDT,1001,0.3,ETHUSDT_seed1001,True,True,True
ETHUSDT,1001,0.4,ETHUSDT_seed1001,True,True,True
ETHUSDT,1001,0.5,ETHUSDT_seed1001,True,True,True
ETHUSDT,1001,0.6,ETHUSDT_seed1001,True,True,True
ETHUSDT,1001,0.7,ETHUSDT_seed1001,True,True,True
ETHUSDT,1001,0.8,ETHUSDT_seed1001,True,True,True
ETHUSDT,1001,0.9,ETHUSDT_seed1001,True,True,True
ETHUSDT,1001,1.0,ETHUSDT_seed1001,True,True,True
ETHUSDT,1111,0.0,ETHUSDT_seed1111,True,True,True
ETHUSDT,1111,0.1,ETHUSDT_seed1111,True,True,True
ETHUSDT,1111,0.2,ETHUSDT_seed1111,True,True,True
ETHUSDT,1111,0.3,ETHUSDT_seed1111,True,True,True
ETHUSDT,1111,0.4,ETHUSDT_seed1111,True,True,True
ETHUSDT,1111,0.5,ETHUSDT_seed1111,True,True,True
ETHUSDT,1111,0.6,ETHUSDT_seed1111,True,True,True
ETHUSDT,1111,0.7,ETHUSDT_seed1111,True,True,True
ETHUSDT,1111,0.8,ETHUSDT_seed1111,True,True,True
ETHUSDT,1111,0.9,ETHUSDT_seed1111,True,True,True
ETHUSDT,1111,1.0,ETHUSDT_seed1111,True,True,True
ETHUSDT,1212,0.0,ETHUSDT_seed1212,True,True,True
ETHUSDT,1212,0.1,ETHUSDT_seed1212,True,True,True
ETHUSDT,1212,0.2,ETHUSDT_seed1212,True,True,True
ETHUSDT,1212,0.3,ETHUSDT_seed1212,True,True,True
ETHUSDT,1212,0.4,ETHUSDT_seed1212,True,True,True
ETHUSDT,1212,0.5,ETHUSDT_seed1212,True,True,True
ETHUSDT,1212,0.6,ETHUSDT_seed1212,True,True,True
ETHUSDT,1212,0.7,ETHUSDT_seed1212,True,True,True
ETHUSDT,1212,0.8,ETHUSDT_seed1212,True,True,True
ETHUSDT,1212,0.9,ETHUSDT_seed1212,True,True,True
ETHUSDT,1212,1.0,ETHUSDT_seed1212,True,True,True
ETHUSDT,1313,0.0,ETHUSDT_seed1313,True,True,True
ETHUSDT,1313,0.1,ETHUSDT_seed1313,True,True,True
ETHUSDT,1313,0.2,ETHUSDT_seed1313,True,True,True
ETHUSDT,1313,0.3,ETHUSDT_seed1313,True,True,True
ETHUSDT,1313,0.4,ETHUSDT_seed1313,True,True,True
ETHUSDT,1313,0.5,ETHUSDT_seed1313,True,True,True
ETHUSDT,1313,0.6,ETHUSDT_seed1313,True,True,True
ETHUSDT,1313,0.7,ETHUSDT_seed1313,True,True,True
ETHUSDT,1313,0.8,ETHUSDT_seed1313,True,True,True
ETHUSDT,1313,0.9,ETHUSDT_seed1313,True,True,True
ETHUSDT,1313,1.0,ETHUSDT_seed1313,True,True,True
ETHUSDT,1414,0.0,ETHUSDT_seed1414,True,True,True
ETHUSDT,1414,0.1,ETHUSDT_seed1414,True,True,True
ETHUSDT,1414,0.2,ETHUSDT_seed1414,True,True,True
ETHUSDT,1414,0.3,ETHUSDT_seed1414,True,True,True
ETHUSDT,1414,0.4,ETHUSDT_seed1414,True,True,True
ETHUSDT,1414,0.5,ETHUSDT_seed1414,True,True,True
ETHUSDT,1414,0.6,ETHUSDT_seed1414,True,True,True
ETHUSDT,1414,0.7,ETHUSDT_seed1414,True,True,True
ETHUSDT,1414,0.8,ETHUSDT_seed1414,True,True,True
ETHUSDT,1414,0.9,ETHUSDT_seed1414,True,True,True
ETHUSDT,1414,1.0,ETHUSDT_seed1414,True,True,True
ETHUSDT,1515,0.0,ETHUSDT_seed1515,True,True,True
ETHUSDT,1515,0.1,ETHUSDT_seed1515,True,True,True
ETHUSDT,1515,0.2,ETHUSDT_seed1515,True,True,True
ETHUSDT,1515,0.3,ETHUSDT_seed1515,True,True,True
ETHUSDT,1515,0.4,ETHUSDT_seed1515,True,True,True
ETHUSDT,1515,0.5,ETHUSDT_seed1515,True,True,True
ETHUSDT,1515,0.6,ETHUSDT_seed1515,True,True,True
ETHUSDT,1515,0.7,ETHUSDT_seed1515,True,True,True
ETHUSDT,1515,0.8,ETHUSDT_seed1515,True,True,True
ETHUSDT,1515,0.9,ETHUSDT_seed1515,True,True,True
ETHUSDT,1515,1.0,ETHUSDT_seed1515,True,True,True
